<?xml version="1.0" encoding="UTF-8"?>
<!DOCTYPE suite SYSTEM "http://testng.org/testng-1.0.dtd">
<suite verbose="0" name="TestNG" preserve-order="false" parallel="tests"
	thread-count="4">
	<parameter name="book" value="myers11e" />
	<test name="CourseCleanUp1" preserve-order="true">
		<classes>
			<class name="com.qait.launchpad.tests.CourseCleanUp1" />
		</classes>
	</test>

	<test name="CourseCleanUp2" preserve-order="true">
		<classes>
			<class name="com.qait.launchpad.tests.CourseCleanUp2" />
		</classes>
	</test>

	<test name="CourseCleanUp3" preserve-order="true">
		<classes>
			<class name="com.qait.launchpad.tests.CourseCleanUp3" />
		</classes>
	</test>

	<test name="CourseCleanUp4" preserve-order="true">
		<classes>
			<class name="com.qait.launchpad.tests.CourseCleanUp4" />
		</classes>
	</test>

	<test name="CourseCleanUp5" preserve-order="true">
		<classes>
			<class name="com.qait.launchpad.tests.CourseCleanUp5" />
		</classes>
	</test>

	<test name="CourseCleanUp6" preserve-order="true">
		<classes>
			<class name="com.qait.launchpad.tests.CourseCleanUp6" />
		</classes>
	</test>

	<test name="CourseCleanUp7" preserve-order="true">
		<classes>
			<class name="com.qait.launchpad.tests.CourseCleanUp7" />
		</classes>
	</test>

	<test name="CourseCleanUp8" preserve-order="true">
		<classes>
			<class name="com.qait.launchpad.tests.CourseCleanUp8" />
		</classes>
	</test>

	<test name="CourseCleanUp9" preserve-order="true">
		<classes>
			<class name="com.qait.launchpad.tests.CourseCleanUp9" />
		</classes>
	</test>

	<test name="CourseCleanUp10" preserve-order="true">
		<classes>
			<class name="com.qait.launchpad.tests.CourseCleanUp10" />
		</classes>
	</test>

	<test name="CourseCleanUp11" preserve-order="true">
		<classes>
			<class name="com.qait.launchpad.tests.CourseCleanUp11" />
		</classes>
	</test>
</suite>