<?xml version="1.0" encoding="UTF-8"?>
<!DOCTYPE suite SYSTEM "http://testng.org/testng-1.0.dtd">
<suite verbose="0" name="TestNG" preserve-order="false" parallel="tests"
	thread-count="9">
	<parameter name="book" value="myers11e" />

	<listeners>
		<listener class-name="com.qait.automation.report.CustomReport_Automation_New" />
	</listeners>

	<test name="Course_Creation_And_Activation_Test" preserve-order="true">
		<classes>
			<class name="com.qait.launchpad.sanity.Course_Creation_And_Activation_Test" />
		</classes>
	</test>

</suite>