<?xml version="1.0" encoding="UTF-8"?>
<!DOCTYPE suite SYSTEM "http://testng.org/testng-1.0.dtd">
<suite verbose="0" name="TestNG" preserve-order="false" parallel="tests"
	thread-count="9">
	<parameter name="book" value="myers11e" />
	<test name="Dashboard_Course_Details_Test" preserve-order="true">
		<classes>
			<class name="com.qait.launchpad.tests.Dashboard_Course_Details_Test" />
		</classes>
	</test>

	<test name="Dashboard_Instructor_Dashboard_Test" preserve-order="true">
		<classes>
			<class name="com.qait.launchpad.tests.Dashboard_Instructor_Dashboard_Test" />
		</classes>
	</test>

	<test name="Course_Creation_And_Activation_Test" preserve-order="true">
		<classes>
			<class name="com.qait.launchpad.tests.Course_Creation_And_Activation_Test" />
		</classes>
	</test>
	<test name="Ebook_Test" preserve-order="true">
		<classes>
			<class name="com.qait.launchpad.tests.Ebook_Test" />
		</classes>
	</test>
	<test name="Instructor_Console_Test" preserve-order="true">
		<classes>
			<class name="com.qait.launchpad.tests.Instructor_Console_Test" />
		</classes>
	</test>
	<test name="PX_12184_Test" preserve-order="true">
		<classes>
			<class name="com.qait.launchpad.tests.PX_12184_Test" />
		</classes>
	</test>

	<test name="Grade_Book_And_Results_Test" preserve-order="true">
		<classes>
			<class name="com.qait.launchpad.tests.Grade_Book_And_Results_Test" />
		</classes>
	</test>

	<test name="Highlight_Notes_Test" preserve-order="true">
		<classes>
			<class name="com.qait.launchpad.tests.Highlight_Notes_Test" />
		</classes>
	</test>

	<test name="Content_TOC_Test" preserve-order="true">
		<classes>
			<class name="com.qait.launchpad.tests.Content_TOC_Test" />
		</classes>
	</test>
	<test name="Welcome_Page_Test" preserve-order="true">
		<classes>
			<class name="com.qait.launchpad.tests.Welcome_Page_Test" />
		</classes>
	</test>
	<test name="Question_Player_Test" preserve-order="true">
		<classes>
			<class name="com.qait.launchpad.tests.Question_Player_Test" />
		</classes>
	</test>
	<test name="TinyMCE_Test" preserve-order="true">
		<classes>
			<class name="com.qait.launchpad.tests.TinyMCE_Test" />
		</classes>
	</test>
	<test name="Results_Test" preserve-order="true">
		<classes>
			<class name="com.qait.launchpad.tests.Results_Test" />
		</classes>
	</test>

	<test name="Roster_And_Groups_Test" preserve-order="true">
		<classes>
			<class name="com.qait.launchpad.tests.Roster_And_Groups_Test" />
		</classes>
	</test>
	<test name="Question_Editor_Picker_Test" preserve-order="true">
		<classes>
			<class name="com.qait.launchpad.tests.Question_Editor_Picker_Test" />
		</classes>
	</test>
	<test name="Assignment_Setting_Calender_Management_Test"
		preserve-order="true">
		<classes>
			<class
				name="com.qait.launchpad.tests.Assignment_Setting_Calender_Management_Test" />
		</classes>
	</test>
</suite>