<?xml version="1.0" encoding="UTF-8"?>
<!DOCTYPE suite SYSTEM "http://testng.org/testng-1.0.dtd">
<suite verbose="0" name="LaunchPadSmokeTestSuite" preserve-order="false"
	parallel="tests" thread-count="9">
	<parameter name="book" value="myers11e" />

	<test name="Course_Creation_And_Activation_Test" preserve-order="true">
		<classes>
			<class name="com.qait.launchpad.tests.Course_Creation_And_Activation_Test" />
		</classes>
	</test>

	<test name="Copy_Existing_Course_Test" preserve-order="true">
		<classes>
			<class name="com.qait.launchpad.tests.Copy_Existing_Course_Test" />
		</classes>
	</test>

	<test name="Branch_Existing_Course_Test" preserve-order="true">
		<classes>
			<class name="com.qait.launchpad.tests.Branch_Existing_Course_Test" />
		</classes>
	</test>

	<test name="Assignment_Setting_Calender_Management_Test"
		preserve-order="true">
		<classes>
			<class
				name="com.qait.launchpad.tests.Assignment_Setting_Calender_Management_Test" />
		</classes>
	</test>

	<test name="Dashboard_Course_Details_Test" preserve-order="true">
		<classes>
			<class name="com.qait.launchpad.tests.Dashboard_Course_Details_Test" />
		</classes>
	</test>

	<test name="Smoke_Ebook_Test" preserve-order="true">
		<classes>
			<class name="com.qait.launchpad.tests.Smoke_Ebook_Test" />
		</classes>
	</test>

	<test name="Grade_Book_And_Results_Test" preserve-order="true">
		<classes>
			<class name="com.qait.launchpad.tests.Grade_Book_And_Results_Test" />
		</classes>
	</test>

	<test name="Smoke_Instructor_Console_Test" preserve-order="true">
		<classes>
			<class name="com.qait.launchpad.tests.Smoke_Instructor_Console_Test" />
		</classes>
	</test>

	<test name="Highlight_Notes_Test" preserve-order="true">
		<classes>
			<class name="com.qait.launchpad.tests.Highlight_Notes_Test" />
		</classes>
	</test>

	<test name="Learning_Curve_From_LP_Unit_Test" preserve-order="true">
		<classes>
			<class name="com.qait.launchpad.tests.Learning_Curve_From_LP_Unit_Test" />
		</classes>
	</test>

	<test name="Login_Negative_Scenarios_Test" preserve-order="true">
		<classes>
			<class name="com.qait.launchpad.tests.Login_Negative_Scenarios_Test" />
		</classes>
	</test>

	<test name="Question_Editor_Picker_Test" preserve-order="true">
		<classes>
			<class name="com.qait.launchpad.tests.Question_Editor_Picker_Test" />
		</classes>
	</test>

	<test name="Question_Player_Test" preserve-order="true">
		<classes>
			<class name="com.qait.launchpad.tests.Question_Player_Test" />
		</classes>
	</test>

	<test name="Resources_Filter_Questions_Test" preserve-order="true">
		<classes>
			<class name="com.qait.launchpad.tests.Resources_Filter_Questions_Test" />
		</classes>
	</test>

	<test name="Results_Test" preserve-order="true">
		<classes>
			<class name="com.qait.launchpad.tests.Results_Test" />
		</classes>
	</test>

	<test name="Roster_And_Groups_Test" preserve-order="true">
		<classes>
			<class name="com.qait.launchpad.tests.Roster_And_Groups_Test" />
		</classes>
	</test>

	<test name="Search_Test" preserve-order="true">
		<classes>
			<class name="com.qait.launchpad.tests.Search_Test" />
		</classes>
	</test>

	<test name="TinyMCE_Test" preserve-order="true">
		<classes>
			<class name="com.qait.launchpad.tests.TinyMCE_Test" />
		</classes>
	</test>

	<test name="Update_Profile_Test" preserve-order="true">
		<classes>
			<class name="com.qait.launchpad.tests.Update_Profile_Test" />
		</classes>
	</test>

	<test name="Welcome_Page_Test" preserve-order="true">
		<classes>
			<class name="com.qait.launchpad.tests.Welcome_Page_Test" />
		</classes>
	</test>

	<test name="VideoToolKit_Activity_Test" preserve-order="true">
		<classes>
			<class name="com.qait.launchpad.tests.VideoToolKit_Activity_Test" />
		</classes>
	</test>

	<test name="Resources_Test" preserve-order="true">
		<classes>
			<class name="com.qait.launchpad.tests.Smoke_Resources_Test" />
		</classes>
	</test>

</suite>