<?xml version="1.0" encoding="UTF-8"?>
<suite verbose="0" name="CoreFunctionalityTestNG" preserve-order="false"
	parallel="tests" thread-count="9">
	<parameter name="book" value="myers11e" />

	<listeners>
		<listener class-name="com.qait.automation.report.CustomReport_Automation_New" />
	</listeners>

	<test name="LCE_733_Test" preserve-order="true">
		<classes>
			<class name="com.qait.launchpad.tests.LCE_733_Test" />
		</classes>
	</test>

	<test name="Switch_Enrollment_Test" preserve-order="true">
		<classes>
			<class name="com.qait.launchpad.tests.Switch_Enrollment_Test" />
		</classes>
	</test>

	<test name="Test_Case_13067_Test" preserve-order="true">
		<classes>
			<class name="com.qait.launchpad.tests.Test_Case_13067_Test" />
		</classes>
	</test>

	<test name="Test_Case_1652_Test" preserve-order="true">
		<classes>
			<class name="com.qait.launchpad.tests.Test_Case_1652_Test" />
		</classes>
	</test>

	<test name="Update_Profile_Test" preserve-order="true">
		<classes>
			<class name="com.qait.launchpad.tests.Update_Profile_Test" />
		</classes>
	</test>

	<test name="LCE_247_Test" preserve-order="true">
		<classes>
			<class name="com.qait.launchpad.tests.LCE_247_Test" />
		</classes>
	</test>

	<test name="LCE_271_Test" preserve-order="true">
		<classes>
			<class name="com.qait.launchpad.tests.LCE_271_Test" />
		</classes>
	</test>

	<test name="LCE_440_And_LCE_813_Test" preserve-order="true">
		<classes>
			<class name="com.qait.launchpad.tests.LCE_440_And_LCE_813_Test" />
		</classes>
	</test>

	<test name="LCE_715_Test" preserve-order="true">
		<classes>
			<class name="com.qait.launchpad.tests.LCE_715_Test" />
		</classes>
	</test>

	<test name="LCE_717_Test" preserve-order="true">
		<classes>
			<class name="com.qait.launchpad.tests.LCE_717_Test" />
		</classes>
	</test>

	<test name="LCE_737_Test" preserve-order="true">
		<classes>
			<class name="com.qait.launchpad.tests.LCE_737_Test" />
		</classes>
	</test>

	<test name="LCE_758_Test" preserve-order="true">
		<classes>
			<class name="com.qait.launchpad.tests.LCE_758_Test" />
		</classes>
	</test>

	<test name="LCE_786_Test" preserve-order="true">
		<classes>
			<class name="com.qait.launchpad.tests.LCE_786_Test" />
		</classes>
	</test>

	<test name="LCE_805_Test" preserve-order="true">
		<classes>
			<class name="com.qait.launchpad.tests.LCE_805_Test" />
		</classes>
	</test>

	<test name="LCE_826_Test" preserve-order="true">
		<classes>
			<class name="com.qait.launchpad.tests.LCE_826_Test" />
		</classes>
	</test>

	<test name="LCE_841_Test" preserve-order="true">
		<classes>
			<class name="com.qait.launchpad.tests.LCE_841_Test" />
		</classes>
	</test>

	<test name="LCE_860_Test" preserve-order="true">
		<classes>
			<class name="com.qait.launchpad.tests.LCE_860_Test" />
		</classes>
	</test>

	<test name="LCE_873_Test" preserve-order="true">
		<classes>
			<class name="com.qait.launchpad.tests.LCE_873_Test" />
		</classes>
	</test>

	<test name="LCE_891_Test" preserve-order="true">
		<classes>
			<class name="com.qait.launchpad.tests.LCE_891_Test" />
		</classes>
	</test>

	<test name="LCE_893_And_LCE_972_Test" preserve-order="true">
		<classes>
			<class name="com.qait.launchpad.tests.LCE_893_And_LCE_972_Test" />
		</classes>
	</test>

	<test name="LCE_894_Test" preserve-order="true">
		<classes>
			<class name="com.qait.launchpad.tests.LCE_894_Test" />
		</classes>
	</test>

	<test name="LCE_914_Test" preserve-order="true">
		<classes>
			<class name="com.qait.launchpad.tests.LCE_914_Test" />
		</classes>
	</test>

	<test name="LCE_920_Test" preserve-order="true">
		<classes>
			<class name="com.qait.launchpad.tests.LCE_920_Test" />
		</classes>
	</test>

	<test name="LCE_935_Test" preserve-order="true">
		<classes>
			<class name="com.qait.launchpad.tests.LCE_935_Test" />
		</classes>
	</test>

	<test name="LCE_939_Test" preserve-order="true">
		<classes>
			<class name="com.qait.launchpad.tests.LCE_939_Test" />
		</classes>
	</test>

	<test name="LCE_956_Test" preserve-order="true">
		<classes>
			<class name="com.qait.launchpad.tests.LCE_956_Test" />
		</classes>
	</test>

	<test name="LCE_957_Test" preserve-order="true">
		<classes>
			<class name="com.qait.launchpad.tests.LCE_957_Test" />
		</classes>
	</test>

	<test name="LCE_975_Test" preserve-order="true">
		<classes>
			<class name="com.qait.launchpad.tests.LCE_975_Test" />
		</classes>
	</test>

	<test name="LCE_976_Test" preserve-order="true">
		<classes>
			<class name="com.qait.launchpad.tests.LCE_976_Test" />
		</classes>
	</test>

	<test name="LCE_980_Test" preserve-order="true">
		<classes>
			<class name="com.qait.launchpad.tests.LCE_980_Test" />
		</classes>
	</test>

	<test name="LPT_1694_Test" preserve-order="true">
		<classes>
			<class name="com.qait.launchpad.tests.LPT_1694_Test" />
		</classes>
	</test>

	<test name="LPT_170_Test" preserve-order="true">
		<classes>
			<class name="com.qait.launchpad.tests.LPT_170_Test" />
		</classes>
	</test>

	<test name="LPT_1729_Test" preserve-order="true">
		<classes>
			<class name="com.qait.launchpad.tests.LPT_1729_Test" />
		</classes>
	</test>

	<test name="LPT_239_LPT_255_Test" preserve-order="true">
		<classes>
			<class name="com.qait.launchpad.tests.LPT_239_LPT_255_Test" />
		</classes>
	</test>

	<test name="LPT_871_Test" preserve-order="true">
		<classes>
			<class name="com.qait.launchpad.tests.LPT_871_Test" />
		</classes>
	</test>

	<test name="PX_12184_Test" preserve-order="true">
		<classes>
			<class name="com.qait.launchpad.tests.PX_12184_Test" />
		</classes>
	</test>

	<test name="PX_12288_Test" preserve-order="true">
		<classes>
			<class name="com.qait.launchpad.tests.PX_12288_Test" />
		</classes>
	</test>

	<test name="PX_12380_Test" preserve-order="true">
		<classes>
			<class name="com.qait.launchpad.tests.PX_12380_Test" />
		</classes>
	</test>

	<test name="PX_12424_PX_12321_Test" preserve-order="true">
		<classes>
			<class name="com.qait.launchpad.tests.PX_12424_PX_12321_Test" />
		</classes>
	</test>

	<test name="PX_12760_PX_12454_Test" preserve-order="true">
		<classes>
			<class name="com.qait.launchpad.tests.PX_12760_PX_12454_Test" />
		</classes>
	</test>

	<test name="PX_12760_Scenario_10_Test" preserve-order="true">
		<classes>
			<class name="com.qait.launchpad.tests.PX_12760_Scenario_10_Test" />
		</classes>
	</test>

	<test name="PX_12760_Scenario_3_Test" preserve-order="true">
		<classes>
			<class name="com.qait.launchpad.tests.PX_12760_Scenario_3_Test" />
		</classes>
	</test>

	<test name="PX_12760_Scenario_4_Test" preserve-order="true">
		<classes>
			<class name="com.qait.launchpad.tests.PX_12760_Scenario_4_Test" />
		</classes>
	</test>

	<test name="PX_12934_Test" preserve-order="true">
		<classes>
			<class name="com.qait.launchpad.tests.PX_12934_Test" />
		</classes>
	</test>

	<test name="PX_13185_Test" preserve-order="true">
		<classes>
			<class name="com.qait.launchpad.tests.PX_13185_Test" />
		</classes>
	</test>

	<test name="PX_13222_PX_13228_Test" preserve-order="true">
		<classes>
			<class name="com.qait.launchpad.tests.PX_13222_PX_13228_Test" />
		</classes>
	</test>

	<test name="PX_14226_Test" preserve-order="true">
		<classes>
			<class name="com.qait.launchpad.tests.PX_14226_Test" />
		</classes>
	</test>

	<test name="PX_8939_Test" preserve-order="true">
		<classes>
			<class name="com.qait.launchpad.tests.PX_8939_Test" />
		</classes>
	</test>

	<test name="PXR_114_Test" preserve-order="true">
		<classes>
			<class name="com.qait.launchpad.tests.PXR_114_Test" />
		</classes>
	</test>

</suite>