<?xml version="1.0" encoding="UTF-8"?>
<suite verbose="0" name="SanityTestNonProd" preserve-order="false"
	parallel="tests" thread-count="9">
	<parameter name="book" value="myers11e" />
	<parameter name="suiteType" value="Launchpad Sanity Checklist Data Creation" />
	<parameter name="productID" value="30" />
	<parameter name="suiteID" value="2418" />

	<listeners>
		<listener class-name="com.qait.automation.report.CustomReport_Automation_New" />
	</listeners>

	<test name="Calender_Test" preserve-order="true">
		<classes>
			<class name="com.qait.launchpad.sanity.Calender_Test" />
		</classes>
	</test>
	
	<test name="Course_Creation_And_Activation_Test" preserve-order="true">
		<classes>
			<class name="com.qait.launchpad.sanity.Course_Creation_And_Activation_Test" />
		</classes>
	</test>
	<test name="Ebook_Test" preserve-order="true">
		<classes>
			<class name="com.qait.launchpad.sanity.Ebook_Test" />
		</classes>
	</test>
	<test name="Grade_Book_And_Results_Test" preserve-order="true">
		<classes>
			<class name="com.qait.launchpad.sanity.Grade_Book_And_Results_Test" />
		</classes>
	</test>
	<test name="Highlight_Notes_Test" preserve-order="true">
		<classes>
			<class name="com.qait.launchpad.sanity.Smoke_Highlight_Notes_Test" />
		</classes>
	</test>
	<test name="Instructor_Console_General_Navigation_Settings_Test" preserve-order="true">
		<classes>
			<class name="com.qait.launchpad.sanity.Instructor_Console_General_Navigation_Settings_Test" />
		</classes>
	</test>
	<test name="LC_Activity_Test" preserve-order="true">
		<classes>
			<class name="com.qait.launchpad.sanity.LC_Activity_Test" />
		</classes>
	</test>
	<test name="LC_Title_Test" preserve-order="true">
		<classes>
			<class name="com.qait.launchpad.sanity.LC_Title_Test" />
		</classes>
	</test>
 
 	<test name="Roster_And_Groups_Test" preserve-order="true">
		<classes>
			<class name="com.qait.launchpad.sanity.Roster_And_Groups_Myers11e_Test" />
		</classes>
	</test>
	
	<test name="Smoke_Student_Content_TOC_Test" preserve-order="true">
		<classes>
			<class name="com.qait.launchpad.sanity.Smoke_Student_Content_TOC_Test" />
		</classes>
	</test>
	
	<test name="Welcome_Page_Test" preserve-order="true">
		<classes>
			<class name="com.qait.launchpad.sanity.Welcome_Page_Test_Myers11e" />
		</classes>
	</test>
	
	<test name="Smoke_Resources_Test" preserve-order="true">
		<classes>
			<class name="com.qait.launchpad.sanity.Smoke_Resources_Test" />
		</classes>
	</test>
	
	<test name="Smoke_Instructor_Content_TOC_Test" preserve-order="true">
		<classes>
			<class name="com.qait.launchpad.sanity.Smoke_Instructor_Content_TOC_Test" />
		</classes>
	</test>
	
	<test name="LaunchPad_Solo_Sanity_Test" preserve-order="true">
		<classes>
			<class name="com.qait.launchpad.sanity.LaunchPad_Solo_Sanity_Test" />
		</classes>
	</test>
	
	<test name="XBook_Sanity_Test" preserve-order="true">
		<classes>
			<class name="com.qait.launchpad.sanity.XBook_Sanity_Test" />
		</classes>
	</test>
	
</suite>