<?xml version="1.0" encoding="UTF-8"?>
<suite verbose="0" name="SanityTestProd" preserve-order="false" parallel="tests" thread-count="9">
	<parameter name="book" value="myers11e" />
	<parameter name="suiteType" value="Launchpad Sanity Checklist Production" />
	<parameter name="productID" value="30" />
	<parameter name="suiteID" value="2418" />

	<listeners>
		<listener class-name="com.qait.automation.report.CustomReport_Automation_New" />
	</listeners>

	<test name="Launchpad_Production_Sanity" preserve-order="true">
		<classes>
			<class name="com.qait.launchpad.productionsanity.Launchpad_Production_Sanity" />
		</classes>
	</test>
	<test name="Dashboard_Test" preserve-order="true">
		<classes>
			<class name="com.qait.launchpad.productionsanity.Prod_Dashboard_Test" />
		</classes>
	</test>
	<test name="Launchpadsolo_Prod_Sanity" preserve-order="true">
		<classes>
			<class name="com.qait.launchpad.productionsanity.Launchpadsolo_Prod_Sanity" />
		</classes>
	</test>
	<test name="Xbook_Prod_Sanity" preserve-order="true">
		<classes>
			<class name="com.qait.launchpad.productionsanity.Xbook_Prod_Sanity" />
		</classes>
	</test>
</suite>