<?xml version="1.0" encoding="UTF-8"?>
<suite verbose="0" name="ComponentWorkflowsTest" preserve-order="false"
	parallel="tests" thread-count="9">
	<parameter name="book" value="myers11e" />
	<parameter name="suiteType" value="Launchpad Integration Test" />
	<parameter name="productID" value="30" />
	<parameter name="suiteID" value="2800" />

	<listeners>
		<listener class-name="com.qait.automation.report.CustomReport_Automation_New" />
	</listeners>

	<test name="Resource_Panel_Vertical_Test_Myersap2e" preserve-order="true">
		<classes>
			<class name="com.qait.launchpad.componentlevelworkflows.Resource_Panel_Vertical_Test_Myersap2e" />
		</classes>
	</test>

	<test name="Resource_Panel_Vertical_Test_LPSolo" preserve-order="true">
		<classes>
			<class name="com.qait.launchpad.componentlevelworkflows.Resource_Panel_Vertical_Test_LPSolo" />
		</classes>
	</test>
	<test name="Resource_Panel_UOP_Test" preserve-order="true">
		<classes>
			<class name="com.qait.launchpad.componentlevelworkflows.Resource_Panel_UOP_Test" />
		</classes>
	</test>
	<test name="Arga_PsychSim6_Activity_Myersap2e_Test" preserve-order="true">
		<classes>
			<class name="com.qait.launchpad.componentlevelworkflows.Arga_PsychSim6_Activity_Myersap2e_Test" />
		</classes>
	</test>

	<test name="Arga_FlashCards_Myersap2e_Test" preserve-order="true">
		<classes>
			<class name="com.qait.launchpad.componentlevelworkflows.Arga_FlashCards_Myersap2e_Test" />
		</classes>
	</test>


	<test name="Arga_Animations_Activity" preserve-order="true">
		<classes>
			<class name="com.qait.launchpad.componentlevelworkflows.Arga_Animations_Activity" />
		</classes>
	</test>
	
</suite>
