<?xml version="1.0" encoding="UTF-8"?>
<suite verbose="0" name="SmokeTest" preserve-order="false"
	parallel="tests" thread-count="9">
	<parameter name="book" value="myers11e" />

	<listeners>
		<listener class-name="com.qait.automation.report.CustomReport_Automation_New" />
	</listeners>

	<test name="Add_Question_To_New_Pool_Test" preserve-order="true">
		<classes>
			<class
				name="com.qait.launchpad.tests.Add_Question_To_New_Pool_TC_1343_Test" />
		</classes>
	</test>

	<test name="Advanced_Question_Editor_Test" preserve-order="true">
		<classes>
			<class name="com.qait.launchpad.tests.Advanced_Question_Editor_Test" />
		</classes>
	</test>

	<test name="Assignment_Setting_Calender_Management_Test"
		preserve-order="true">
		<classes>
			<class
				name="com.qait.launchpad.tests.Assignment_Setting_Calender_Management_Test" />
		</classes>
	</test>

	<test name="Assignment_Settings_Test" preserve-order="true">
		<classes>
			<class name="com.qait.launchpad.tests.Assignment_Settings_Test" />
		</classes>
	</test>

	<test name="Content_TOC_Test" preserve-order="true">
		<classes>
			<class name="com.qait.launchpad.tests.Content_TOC_Test" />
		</classes>
	</test>

	<test name="Course_Creation_And_Activation_Test" preserve-order="true">
		<classes>
			<class name="com.qait.launchpad.tests.Course_Creation_And_Activation_Test" />
		</classes>
	</test>

	<test name="Dashboard_Course_Details_Test" preserve-order="true">
		<classes>
			<class name="com.qait.launchpad.tests.Dashboard_Course_Details_Test" />
		</classes>
	</test>

	<test name="Dashboard_Instructor_Dashboard_Test" preserve-order="true">
		<classes>
			<class name="com.qait.launchpad.tests.Dashboard_Instructor_Dashboard_Test" />
		</classes>
	</test>

	<test name="Discussion_Board_Test" preserve-order="true">
		<classes>
			<class name="com.qait.launchpad.tests.Discussion_Board_Test" />
		</classes>
	</test>

	<test name="Document_Collection_Test" preserve-order="true">
		<classes>
			<class name="com.qait.launchpad.tests.Document_Collection_Test" />
		</classes>
	</test>

	<test name="Ebook_Test" preserve-order="true">
		<classes>
			<class name="com.qait.launchpad.tests.Ebook_Test" />
		</classes>
	</test>

	<test name="Edit_Title_Directions_Test" preserve-order="true">
		<classes>
			<class name="com.qait.launchpad.tests.Edit_Title_Directions_Test" />
		</classes>
	</test>

	<test name="Footer_Test" preserve-order="true">
		<classes>
			<class name="com.qait.launchpad.tests.Footer_Test" />
		</classes>
	</test>

	<test name="Grade_Book_And_Results_Test" preserve-order="true">
		<classes>
			<class name="com.qait.launchpad.tests.Grade_Book_And_Results_Test" />
		</classes>
	</test>

	<test name="Highlight_Notes_Test" preserve-order="true">
		<classes>
			<class name="com.qait.launchpad.tests.Highlight_Notes_Test" />
		</classes>
	</test>

	<test name="Instructor_Console_Test" preserve-order="true">
		<classes>
			<class name="com.qait.launchpad.tests.Instructor_Console_Test" />
		</classes>
	</test>

	<test name="LC_Activity_Test" preserve-order="true">
		<classes>
			<class name="com.qait.launchpad.tests.LC_Activity_Test" />
		</classes>
	</test>

	<test name="LC_Title_Test" preserve-order="true">
		<classes>
			<class name="com.qait.launchpad.tests.LC_Title_Test" />
		</classes>
	</test>

	<test name="Link_Assignment_Test" preserve-order="true">
		<classes>
			<class name="com.qait.launchpad.tests.Link_Assignment_Test" />
		</classes>
	</test>

	<test name="Link_Collection_Test" preserve-order="true">
		<classes>
			<class name="com.qait.launchpad.tests.Link_Collection_Test" />
		</classes>
	</test>

	<test name="Login_Negative_Scenarios_Test" preserve-order="true">
		<classes>
			<class name="com.qait.launchpad.tests.Login_Negative_Scenarios_Test" />
		</classes>
	</test>

	<test name="Manage_Assignments_Test" preserve-order="true">
		<classes>
			<class name="com.qait.launchpad.tests.Manage_Assignments_Test" />
		</classes>
	</test>

	<test name="News_Feed_Item_Assignment_Test" preserve-order="true">
		<classes>
			<class name="com.qait.launchpad.tests.News_Feed_Item_Assignment_Test" />
		</classes>
	</test>

	<test name="Question_Editor_Picker_Test" preserve-order="true">
		<classes>
			<class name="com.qait.launchpad.tests.Question_Editor_Picker_Test" />
		</classes>
	</test>

	<test name="Question_Player_Test" preserve-order="true">
		<classes>
			<class name="com.qait.launchpad.tests.Question_Player_Test" />
		</classes>
	</test>

	<test name="Resources_Filter_Questions_Test" preserve-order="true">
		<classes>
			<class name="com.qait.launchpad.tests.Resources_Filter_Questions_Test" />
		</classes>
	</test>

	<test name="Results_Test" preserve-order="true">
		<classes>
			<class name="com.qait.launchpad.tests.Results_Test" />
		</classes>
	</test>

	<test name="Roster_And_Groups_Test" preserve-order="true">
		<classes>
			<class name="com.qait.launchpad.tests.Roster_And_Groups_Test" />
		</classes>
	</test>

	<test name="Search_Test" preserve-order="true">
		<classes>
			<class name="com.qait.launchpad.tests.Search_Test" />
		</classes>
	</test>

	<test name="Time_Zone_Test" preserve-order="true">
		<classes>
			<class name="com.qait.launchpad.tests.Time_Zone_Test" />
		</classes>
	</test>

	<test name="TinyMCE_Test" preserve-order="true">
		<classes>
			<class name="com.qait.launchpad.tests.TinyMCE_Test" />
		</classes>
	</test>

	<test name="Welcome_Page_Test" preserve-order="true">
		<classes>
			<class name="com.qait.launchpad.tests.Welcome_Page_Test" />
		</classes>
	</test>

</suite>