<?xml version="1.0" encoding="UTF-8"?>
<!DOCTYPE suite SYSTEM "http://testng.org/testng-1.0.dtd">
<suite verbose="0" name="TestNG" preserve-order="false" parallel="tests"
	thread-count="9">
	<parameter name="book" value="myers11e" />
	<listeners>
		<listener class-name="com.qait.automation.report.CustomReport_Automation" />
	</listeners>
	<suite-files>
		<suite-file path="./launchpad_coreFunctionality.xml" />
	</suite-files>

	<suite-files>
		<suite-file path="./launchpad_bugRegression.xml" />
	</suite-files>
</suite>