<?xml version="1.0" encoding="UTF-8"?>
<suite verbose="0" name="EndToEndTest" preserve-order="false"
	parallel="tests" thread-count="9">
	<parameter name="book" value="myers11e" />

	<listeners>
		<listener class-name="com.qait.automation.report.CustomReport_Automation_New" />
	</listeners>

	<test name="Add_Question_To_New_Pool_Test" preserve-order="true">
		<classes>
			<class
				name="com.qait.launchpad.tests.Add_Question_To_New_Pool_TC_1343_Test" />
		</classes>
	</test>

	<test name="Advanced_Question_Editor_Test" preserve-order="true">
		<classes>
			<class name="com.qait.launchpad.tests.Advanced_Question_Editor_Test" />
		</classes>
	</test>

	<test name="Arga_Ebook_With_Questions_Test" preserve-order="true">
		<classes>
			<class name="com.qait.launchpad.tests.Arga_Ebook_With_Questions_Test" />
		</classes>
	</test>

	<test name="Assignment_Setting_Calender_Management_Test"
		preserve-order="true">
		<classes>
			<class
				name="com.qait.launchpad.tests.Assignment_Setting_Calender_Management_Test" />
		</classes>
	</test>

	<test name="Assignment_Settings_Test" preserve-order="true">
		<classes>
			<class name="com.qait.launchpad.tests.Assignment_Settings_Test" />
		</classes>
	</test>

	<test name="BatchItemSettings_Test" preserve-order="true">
		<classes>
			<class name="com.qait.launchpad.tests.BatchItemSettings_Test" />
		</classes>
	</test>

	<test name="Content_TOC_Test" preserve-order="true">
		<classes>
			<class name="com.qait.launchpad.tests.Content_TOC_Test" />
		</classes>
	</test>


	<test name="Course_Master_Branch_Test" preserve-order="true">
		<classes>
			<class name="com.qait.launchpad.tests.Course_Master_Branch_Test" />
		</classes>
	</test>

	<test name="Dashboard_Course_Details_Test" preserve-order="true">
		<classes>
			<class name="com.qait.launchpad.tests.Dashboard_Course_Details_Test" />
		</classes>
	</test>

	<test name="Dashboard_Instructor_Dashboard_Test" preserve-order="true">
		<classes>
			<class name="com.qait.launchpad.tests.Dashboard_Instructor_Dashboard_Test" />
		</classes>
	</test>

	<test name="Discussion_Board_Test" preserve-order="true">
		<classes>
			<class name="com.qait.launchpad.tests.Discussion_Board_Test" />
		</classes>
	</test>

	<test name="Document_Collection_Test" preserve-order="true">
		<classes>
			<class name="com.qait.launchpad.tests.Document_Collection_Test" />
		</classes>
	</test>

	<test name="Ebook_Test" preserve-order="true">
		<classes>
			<class name="com.qait.launchpad.tests.Ebook_Test" />
		</classes>
	</test>

	<test name="Edit_Title_Directions_Test" preserve-order="true">
		<classes>
			<class name="com.qait.launchpad.tests.Edit_Title_Directions_Test" />
		</classes>
	</test>

	<test name="Footer_Test" preserve-order="true">
		<classes>
			<class name="com.qait.launchpad.tests.Footer_Test" />
		</classes>
	</test>

	<test name="Grade_Book_And_Results_Test" preserve-order="true">
		<classes>
			<class name="com.qait.launchpad.tests.Grade_Book_And_Results_Test" />
		</classes>
	</test>

	<test name="GradeBook_EndToEnd_Test" preserve-order="true">
		<classes>
			<class name="com.qait.launchpad.tests.GradeBook_EndToEnd_Test" />
		</classes>
	</test>

	<test name="Highlight_Notes_Test" preserve-order="true">
		<classes>
			<class name="com.qait.launchpad.tests.Highlight_Notes_Test" />
		</classes>
	</test>

	<test name="HTML_Page_Test" preserve-order="true">
		<classes>
			<class name="com.qait.launchpad.tests.HTML_Page_Test" />
		</classes>
	</test>

	<test name="Instructor_Console_Test" preserve-order="true">
		<classes>
			<class name="com.qait.launchpad.tests.Instructor_Console_Test" />
		</classes>
	</test>

	<test name="LaunchPad_Solo_Smoke_Test" preserve-order="true">
		<classes>
			<class name="com.qait.launchpad.tests.LaunchPad_Solo_Smoke_Test" />
		</classes>
	</test>


	<test name="LC_Title_Test" preserve-order="true">
		<classes>
			<class name="com.qait.launchpad.tests.LC_Title_Test" />
		</classes>
	</test>

	<test name="LCE_1059_And_Manual_Grading_Test" preserve-order="true">
		<classes>
			<class name="com.qait.launchpad.tests.LCE_1059_And_Manual_Grading_Test" />
		</classes>
	</test>

	<test name="LCE_1080_Test" preserve-order="true">
		<classes>
			<class name="com.qait.launchpad.tests.LCE_1080_Test" />
		</classes>
	</test>

	<test name="LCE_646_And_LCE_275_Test" preserve-order="true">
		<classes>
			<class name="com.qait.launchpad.tests.LCE_646_And_LCE_275_Test" />
		</classes>
	</test>

	<test name="LearningCurveActivity_EndToEnd_Test" preserve-order="true">
		<classes>
			<class name="com.qait.launchpad.tests.LearningCurveActivity_EndToEnd_Test" />
		</classes>
	</test>


	<test name="Link_Assignment_Test" preserve-order="true">
		<classes>
			<class name="com.qait.launchpad.tests.Link_Assignment_Test" />
		</classes>
	</test>

	<test name="Link_Collection_Test" preserve-order="true">
		<classes>
			<class name="com.qait.launchpad.tests.Link_Collection_Test_New" />
		</classes>
	</test>

	<test name="Login_Negative_Scenarios_Test" preserve-order="true">
		<classes>
			<class name="com.qait.launchpad.tests.Login_Negative_Scenarios_Test" />
		</classes>
	</test>

	<test name="Manage_Assignments_Test" preserve-order="true">
		<classes>
			<class name="com.qait.launchpad.tests.Manage_Assignments_Test" />
		</classes>
	</test>

	<test name="News_Feed_Item_Assignment_Test" preserve-order="true">
		<classes>
			<class name="com.qait.launchpad.tests.News_Feed_Item_Assignment_Test" />
		</classes>
	</test>

	<test name="Question_Editor_Picker_Test" preserve-order="true">
		<classes>
			<class name="com.qait.launchpad.tests.Question_Editor_Picker_Test" />
		</classes>
	</test>

	<test name="Question_Player_Test" preserve-order="true">
		<classes>
			<class name="com.qait.launchpad.tests.Question_Player_Test" />
		</classes>
	</test>

	<test name="Resources_Filter_Questions_Test" preserve-order="true">
		<classes>
			<class name="com.qait.launchpad.tests.Resources_Filter_Questions_Test" />
		</classes>
	</test>

	<test name="Results_Test" preserve-order="true">
		<classes>
			<class name="com.qait.launchpad.tests.Results_Test" />
		</classes>
	</test>

	<test name="Roster_And_Groups_Test" preserve-order="true">
		<classes>
			<class name="com.qait.launchpad.tests.Roster_And_Groups_Test" />
		</classes>
	</test>

	<test name="Search_Test" preserve-order="true">
		<classes>
			<class name="com.qait.launchpad.tests.Search_Test" />
		</classes>
	</test>

	<test name="Status_Pill_Test" preserve-order="true">
		<classes>
			<class name="com.qait.launchpad.tests.Status_Pill_Test" />
		</classes>
	</test>


	<test name="Time_Zone_Test" preserve-order="true">
		<classes>
			<class name="com.qait.launchpad.tests.Time_Zone_Test" />
		</classes>
	</test>

	<test name="TinyMCE_Test" preserve-order="true">
		<classes>
			<class name="com.qait.launchpad.tests.TinyMCE_Test" />
		</classes>
	</test>

	<test name="Video_Assignment_MyLibrary_Test" preserve-order="true">
		<classes>
			<class name="com.qait.launchpad.tests.Video_Assignment_MyLibrary_Test" />
		</classes>
	</test>


	<test name="Welcome_Page_Test" preserve-order="true">
		<classes>
			<class name="com.qait.launchpad.tests.Welcome_Page_Test" />
		</classes>
	</test>

	<test name="Course_Creation_And_Activation_Test" preserve-order="true">
		<classes>
			<class name="com.qait.launchpad.tests.Course_Creation_And_Activation_Test" />
		</classes>
	</test>

	<test name="Copy_Existing_Course_Test" preserve-order="true">
		<classes>
			<class name="com.qait.launchpad.tests.Copy_Existing_Course_Test" />
		</classes>
	</test>

	<test name="Create_Branch_Course_Test" preserve-order="true">
		<classes>
			<class name="com.qait.launchpad.tests.Branch_Existing_Course_Test" />
		</classes>
	</test>

	<test name="Resource_Panel_Vertical_Test" preserve-order="true">
		<classes>
			<class name="com.qait.launchpad.tests.Resource_Panel_Vertical_Test" />
		</classes>
	</test>

	<test name="Diagnostics_Activity" preserve-order="true">
		<classes>
			<class name="com.qait.xbook.tests.Diagnostics_Activity_Test" />
		</classes>
	</test>

	<test name="Instructor_Console(General,Navigation,Settings)"
		preserve-order="true">
		<classes>
			<class
				name="com.qait.launchpad.tests.Instructor_Console_General_Navigation_Settings_Test" />
		</classes>
	</test>

	<test name="Preview_As_Student_Test" preserve-order="true">
		<classes>
			<class name="com.qait.launchpad.tests.Preview_As_Student_Test" />
		</classes>
	</test>

	<test name="Resource Panel UOP" preserve-order="true">
		<classes>
			<class name="com.qait.launchpad.componentlevelworkflows.Resource_Panel_UOP_Test" />
		</classes>
	</test>

</suite>