<?xml version="1.0" encoding="UTF-8"?>
<suite verbose="0" name="ComponentWorkflowsTest" preserve-order="false"
	parallel="tests" thread-count="9">
	<parameter name="book" value="myers11e" />
	<parameter name="suiteType" value="Launchpad Integration Test" />
	<parameter name="productID" value="30" />
	<parameter name="suiteID" value="2800" />

	<listeners>
		<listener class-name="com.qait.automation.report.CustomReport_Automation_New" />
	</listeners>

	<test name="Calendar" preserve-order="true">
		<classes>
			<class name="com.qait.launchpad.componentlevelworkflows.Calendar_Test" />
		</classes>
	</test>

	<test name="BatchDueDateUpdate_Test" preserve-order="true">
		<classes>
			<class name="com.qait.launchpad.componentlevelworkflows.BatchDueDateUpdate_Test" />
		</classes>
	</test>
	<test name="BatchItemSettingTest" preserve-order="true">
		<classes>
			<class name="com.qait.launchpad.componentlevelworkflows.BatchItemSettingTest" />
		</classes>
	</test>
	<test name="Branch_Existing_Course_Test" preserve-order="true">
		<classes>
			<class name="com.qait.launchpad.componentlevelworkflows.Branch_Existing_Course_Test" />
		</classes>
	</test>

	<test name="Content_TOC_Test" preserve-order="true">
		<classes>
			<class name="com.qait.launchpad.componentlevelworkflows.Content_TOC_Test" />
		</classes>
	</test>


	<test name="Copy_Existing_Course_Test" preserve-order="true">
		<classes>
			<class name="com.qait.launchpad.componentlevelworkflows.Copy_Existing_Course_Test" />
		</classes>
	</test>
	
	
	<test name="Course_Creation_And_Activation_Test" preserve-order="true">
		<classes>
			<class name="com.qait.launchpad.componentlevelworkflows.Course_Creation_And_Activation_Test" />
		</classes>
	</test>
	
	<test name="CreateNewUnit_Test" preserve-order="true">
		<classes>
			<class name="com.qait.launchpad.componentlevelworkflows.CreateNewUnit_Test" />
		</classes>
	</test>
	
	<test name="Discussion_Board_Test" preserve-order="true">
		<classes>
			<class name="com.qait.launchpad.componentlevelworkflows.Discussion_Board_Test" />
		</classes>
	</test>
	
	<test name="Document_Collection_Test" preserve-order="true">
		<classes>
			<class name="com.qait.launchpad.componentlevelworkflows.Document_Collection_Test" />
		</classes>
	</test>
	
	<test name="Ebook_Myers11e_Test" preserve-order="true">
		<classes>
			<class name="com.qait.launchpad.componentlevelworkflows.Ebook_Myers11e_Test" />
		</classes>
	</test>
	
	<test name="Gradebook_AutoGrade_ManualGrade" preserve-order="true">
		<classes>
			<class name="com.qait.launchpad.componentlevelworkflows.Gradebook_AutoGrade_ManualGrade" />
		</classes>
	</test>
	
	<test name="GradebookPreference" preserve-order="true">
		<classes>
			<class name="com.qait.launchpad.componentlevelworkflows.GradebookPreference" />
		</classes>
	</test>
	
	<test name="Highlight_Notes_Test" preserve-order="true">
		<classes>
			<class name="com.qait.launchpad.componentlevelworkflows.Highlight_Notes_Test" />
		</classes>
	</test>
	
	<test name="HTML_Page_Test" preserve-order="true">
		<classes>
			<class name="com.qait.launchpad.componentlevelworkflows.HTML_Page_Test" />
		</classes>
	</test>

	<test name="Instructor_Console(General,Navigation,Settings)" preserve-order="true">
		<classes>
			<class name="com.qait.launchpad.componentlevelworkflows.Instructor_Console_General_Navigation_Settings_Test" />
		</classes>
	</test>
	
	<test name="LC_Activity_End_To_End_Test_attempt1Ques" preserve-order="true">
		<classes>
			<class name="com.qait.launchpad.componentlevelworkflows.LC_Activity_End_To_End_Test" />
		</classes>
	</test>	
	
	<test name="LearningCurveActivity_EndToEnd_Test_NoAttempt" preserve-order="true">
		<classes>
			<class name="com.qait.launchpad.componentlevelworkflows.LearningCurveActivity_EndToEnd_Test" />
		</classes>
	</test>
	
	<test name="LearningCurveTitle_Test" preserve-order="true">
		<classes>
			<class name="com.qait.launchpad.componentlevelworkflows.LearningCurveTitle_Test" />
		</classes>
	</test>
	
	<test name="Link_Assignment_Test" preserve-order="true">
		<classes>
			<class name="com.qait.launchpad.componentlevelworkflows.Link_Assignment_Test" />
		</classes>
	</test>

	<test name="Link_Collection_Test" preserve-order="true">
		<classes>
			<class name="com.qait.launchpad.componentlevelworkflows.Link_Collection_Test_New" />
		</classes>
	</test>
	
	<test name="Preview_As_Student_Test" preserve-order="true">
		<classes>
			<class name="com.qait.launchpad.componentlevelworkflows.Preview_As_Student_Test" />
		</classes>
	</test>
	
	<test name="Resource_Panel_Horizontal_Test" preserve-order="true">
		<classes>
			<class name="com.qait.launchpad.componentlevelworkflows.Resource_Panel_Horizontal_Test" />
		</classes>
	</test>
	
	<test name="Resource_Panel_Vertical_Test_Myers11e" preserve-order="true">
		<classes>
			<class name="com.qait.launchpad.componentlevelworkflows.Resource_Panel_Vertical_Test_Myers11e" />
		</classes>
	</test>
	
	<test name="Resource_Panel_Vertical_Test_Morris2e" preserve-order="true">
		<classes>
			<class name="com.qait.launchpad.componentlevelworkflows.Resource_Panel_Vertical_Test_Morris2e" />
		</classes>
	</test>

	<test name="Result_Test" preserve-order="true">
		<classes>
			<class name="com.qait.launchpad.componentlevelworkflows.Result_Test" />
		</classes>
	</test>
	
	<test name="Roster_And_Groups_Test_Myers11e" preserve-order="true">
		<classes>
			<class name="com.qait.launchpad.componentlevelworkflows.Roster_And_Groups_Myers11e_Test" />
		</classes>
	</test>
	
	<test name="Welcome_Page_Test_Myers11e" preserve-order="true">
		<classes>
			<class name="com.qait.launchpad.componentlevelworkflows.Welcome_Page_Test_Myers11e" />
		</classes>
	</test>
	
	<test name="Welcome_Page_Test_Bergerca10e" preserve-order="true">
		<classes>
			<class name="com.qait.launchpad.componentlevelworkflows.Welcome_Page_Test_Bergerca10e" />
		</classes>
	</test>

	<test name="XbookDiagnostics_Activity_Test" preserve-order="true">
		<classes>
			<class name="com.qait.launchpad.componentlevelworkflows.XbookDiagnostics_Activity_Test" />
		</classes>
	</test>	
	
	<test name="XbookSemantic_Search_Test" preserve-order="true">
		<classes>
			<class name="com.qait.launchpad.componentlevelworkflows.XbookSemantic_Search_Test" />
		</classes>
	</test>
	
	<test name="Arga_FlashCards_Myers11e" preserve-order="true">
		<classes>
			<class name="com.qait.launchpad.componentlevelworkflows.Arga_FlashCards_Myers11e_Test" />
		</classes>
	</test>
	
	<test name="Arga_3DAnimations_Activity" preserve-order="true">
		<classes>
			<class name="com.qait.launchpad.componentlevelworkflows.Arga_3DAnimations_Activity_Test" />
		</classes>
	</test>
	
	<test name="Arga_PsychSim6_Activity_Myers11e" preserve-order="true">
		<classes>
			<class name="com.qait.launchpad.componentlevelworkflows.Arga_PsychSim6_Activity_Myers11e_Test" />
		</classes>
	</test>
	
	<test name="Dropbox" preserve-order="true">
		<classes>
			<class name="com.qait.launchpad.componentlevelworkflows.Dropbox" />
		</classes>
	</test>
	
</suite>
