<?xml version="1.0" encoding="UTF-8"?>
<suite name="BQT Selenium Automated Tests" preserve-order="true"
	parallel="tests" thread-count="8">
	<listeners>
		<listener class-name="com.qait.automation.report.CustomReport_Automation" />
	</listeners>
	<test name="AA-2043 Homework Scenario1">
		<classes>
			<class name="com.qait.BQT.tests.AA_2043_Homework_Scenario1" />
		</classes>
	</test>

	<test name="AA-2043 Homework Scenario2">
		<classes>
			<class name="com.qait.BQT.tests.AA_2043_Homework_Scenario2" />
		</classes>
	</test>

	<test name="AA-2043 Homework Scenario3">
		<classes>
			<class name="com.qait.BQT.tests.AA_2043_Homework_Scenario3" />
		</classes>
	</test>

	<test name="AA-2043 Homework Scenario5">
		<classes>
			<class name="com.qait.BQT.tests.AA_2043_Homework_Scenario5" />
		</classes>
	</test>

	<test name="AA-2043 Homework Scenario7">
		<classes>
			<class name="com.qait.BQT.tests.AA_2043_Homework_Scenario7" />
		</classes>
	</test>

	<test name="AA-2043 Homework Scenario10">
		<classes>
			<class name="com.qait.BQT.tests.AA_2043_Homework_Scenario10" />
		</classes>
	</test>

	<test name="AA-2043 Homework Scenario11">
		<classes>
			<class name="com.qait.BQT.tests.AA_2043_Homework_Scenario11" />
		</classes>
	</test>

	<test name="AA-2043 Homework Scenario14">
		<classes>
			<class name="com.qait.BQT.tests.AA_2043_Homework_Scenario14" />
		</classes>
	</test>

	<test name="AA-2043 Homework Scenario17">
		<classes>
			<class name="com.qait.BQT.tests.AA_2043_Homework_Scenario17" />
		</classes>
	</test>

	<test name="AA-2043 Homework Scenario18">
		<classes>
			<class name="com.qait.BQT.tests.AA_2043_Homework_Scenario18" />
		</classes>
	</test>

	<test name="AA-2043 Homework Scenario19">
		<classes>
			<class name="com.qait.BQT.tests.AA_2043_Homework_Scenario19" />
		</classes>
	</test>

	<test name="AA-2043 Quiz Scenario1">
		<classes>
			<class name="com.qait.BQT.tests.AA_2043_Quiz_Scenario1" />
		</classes>
	</test>

	<test name="AA-2043 Quiz Scenario2">
		<classes>
			<class name="com.qait.BQT.tests.AA_2043_Quiz_Scenario2" />
		</classes>
	</test>

	<test name="AA-2043 Quiz Scenario3">
		<classes>
			<class name="com.qait.BQT.tests.AA_2043_Quiz_Scenario3" />
		</classes>
	</test>

	<test name="AA-2043 Quiz Scenario5">
		<classes>
			<class name="com.qait.BQT.tests.AA_2043_Quiz_Scenario5" />
		</classes>
	</test>

	<test name="AA-2043 Quiz Scenario7">
		<classes>
			<class name="com.qait.BQT.tests.AA_2043_Quiz_Scenario7" />
		</classes>
	</test>

	<test name="AA-2043 Quiz Scenario10">
		<classes>
			<class name="com.qait.BQT.tests.AA_2043_Quiz_Scenario10" />
		</classes>
	</test>

	<test name="AA-2043 Quiz Scenario11">
		<classes>
			<class name="com.qait.BQT.tests.AA_2043_Quiz_Scenario11" />
		</classes>
	</test>

	<test name="AA-2043 Quiz Scenario14">
		<classes>
			<class name="com.qait.BQT.tests.AA_2043_Quiz_Scenario14" />
		</classes>
	</test>

	<test name="AA-2043 Quiz Scenario17">
		<classes>
			<class name="com.qait.BQT.tests.AA_2043_Quiz_Scenario17" />
		</classes>
	</test>

	<test name="AA-2043 Quiz Scenario18">
		<classes>
			<class name="com.qait.BQT.tests.AA_2043_Quiz_Scenario18" />
		</classes>
	</test>

	<test name="AA-2043 Quiz Scenario19">
		<classes>
			<class name="com.qait.BQT.tests.AA_2043_Quiz_Scenario19" />
		</classes>
	</test>

</suite>
