<?xml version="1.0" encoding="UTF-8"?>
<!DOCTYPE suite SYSTEM "http://testng.org/testng-1.0.dtd">

<suite verbose="0" name="Moodle-Redesign Selenium Automated Tests"
	parallel="false" thread-count="1">

	<listeners>
		<listener class-name="com.qait.automation.report.CustomReport_Automation_New" />
	</listeners>

	<test name="Smoke Test - Unenrol Users" preserve-order="true">
		<classes>
			<class name="com.qait.moodle2.tests.Smoke_Unenroll_Users"></class>
		</classes>
	</test>

	<test name="Smoke Test - Disassociare Course" preserve-order="true">
		<classes>
			<class name="com.qait.moodle2.tests.Smoke_Instructor_Disassociate_Course"></class>
		</classes>
	</test>

	<test name="Smoke Test - Create Users" preserve-order="true">
		<classes>
			<class name="com.qait.moodle2.tests.Smoke_Create_Users"></class>
		</classes>
	</test>

	<test name="Smoke Test - Enrol Users" preserve-order="true">
		<classes>
			<class name="com.qait.moodle2.tests.Smoke_Enrol_Users"></class>
		</classes>
	</test>

	<test name="Smoke Test - Associate Course"
		preserve-order="true">
		<classes>
			<class name="com.qait.moodle2.tests.Smoke_Instructor_Associates_New_Course"></class>
		</classes>
	</test>

	<test name="Smoke Test - Create and Deploy Assignments"
		preserve-order="true">
		<classes>
			<class name="com.qait.moodle2.tests.Smoke_Instructor_Creates_And_Deploys_Assignments"></class>
		</classes>
	</test>
	
	<test name="Smoke Test - Access Code"
		preserve-order="true">
		<classes>
			<class name="com.qait.moodle2.tests.Smoke_Student_Access_Code"></class>
		</classes>
	</test>

	<test name="Smoke Test - Purchase Access"
		  preserve-order="true">
		<classes>
			<class name="com.qait.moodle2.tests.Smoke_Student_Purchase_Access"></class>
		</classes>
	</test>

	<test name="Smoke Test - Request Free Trial"
		  preserve-order="true">
		<classes>
			<class name="com.qait.moodle2.tests.Smoke_Student_Request_Free_Trial"></class>
		</classes>
	</test>

</suite>
