<?xml version="1.0" encoding="UTF-8"?>
<!DOCTYPE suite SYSTEM "http://testng.org/testng-1.0.dtd">

<suite verbose="0" name="Moodle-Redesign Selenium Automated Tests"
       parallel="false" thread-count="1">

    <listeners>
        <listener class-name="com.qait.automation.report.CustomReport_Automation_New" />
    </listeners>

    <test name="Sanity Admin Flow" preserve-order="true">
        <classes>
            <class name="com.qait.moodle.tests.Sanity_Admin_Flow_Moodle"></class>
        </classes>
    </test>

    <test name="Sanity Instructor Flow" preserve-order="true">
        <classes>
            <class name="com.qait.moodle.tests.Sanity_Instructor_Flow_Moodle"></class>
        </classes>
    </test>

    <test name="Sanity Student Flow Purchase Access" preserve-order="true">
        <classes>
            <class name="com.qait.moodle.tests.Sanity_Student_Flow_Purchase_Access"></class>
        </classes>
    </test>

</suite>
