<?xml version="1.0" encoding="UTF-8"?>
<!DOCTYPE suite SYSTEM "http://testng.org/testng-1.0.dtd">

<suite verbose="0" name="Moodle-Redesign Selenium Automated Tests"
	parallel="false" thread-count="1">

	<listeners>
		<listener class-name="com.qait.automation.report.CustomReport_Automation_New" />
	</listeners>

	<test name="Smoke Test - Unenrol Users" preserve-order="true">
		<classes>
			<class name="com.qait.moodle.tests.AdminSmokeUnenrolExistingUsersAndTool"></class>
		</classes>
	</test>

	<test name="Smoke Test - Add Users" preserve-order="true">
		<classes>
			<class name="com.qait.moodle.tests.AdminSmokeAddUsers"></class>
		</classes>
	</test>

	<test name="Smoke Test - Enrol Users" preserve-order="true">
		<classes>
			<class name="com.qait.moodle.tests.AdminSmokeUserEnrollment"></class>
		</classes>
	</test>

	<test name="Smoke Test - Instructor Login" preserve-order="true">
		<classes>
			<class name="com.qait.moodle.tests.AdminSmokeInstructorFlow"></class>
		</classes>
	</test>

	<test name="Smoke Test - Student - Request Free Trial"
		preserve-order="true">
		<classes>
			<class name="com.qait.moodle.tests.AdminSmokeStudentFlowRequestFreeTrial"></class>
		</classes>
	</test>

	<test name="Smoke Test - Student - Enter Access Code"
		preserve-order="true">
		<classes>
			<class name="com.qait.moodle.tests.AdminSmokeStudentFlowEnterAccessCode"></class>
		</classes>
	</test>

	<test name="Smoke Test - Student - PayPal Purchase"
		preserve-order="true">
		<classes>
			<class name="com.qait.moodle.tests.AdminSmokeStudentFlowPayPalPurchase"></class>
		</classes>
	</test>

	<test name="Smoke Test - Student - Macmillan Tools Verification"
		preserve-order="true">
		<classes>
			<class
				name="com.qait.moodle.tests.AdminSmokeInstructorMacmillanToolsVerification"></class>
		</classes>
	</test>

</suite>
