<?xml version="1.0" encoding="UTF-8"?>
<suite verbose="0" name="D2l Selenium Automated Tests"
       preserve-order="true">

    <listeners>
        <listener class-name="com.qait.automation.report.CustomReport_Automation_New" />
    </listeners>

    <test name="Sanity Admin Flow" preserve-order="true">
        <classes>
            <class name="com.qait.d2l.tests.Sanity_D2L_Admin_Flow" />
        </classes>
    </test>

    <test name="Sanity_Instructor_Flow"
          preserve-order="true">
        <classes>
            <class name="com.qait.d2l.tests.Sanity_D2L_Instructor_Flow" />
        </classes>
    </test>

    <test name="Sanity Student Flow"
          preserve-order="true">
        <classes>
            <class name="com.qait.d2l.tests.Sanity_D2L_Student_Flow" />
        </classes>
    </test>

</suite>