<?xml version="1.0" encoding="UTF-8"?>
<suite verbose="0" name="D2l Selenium Automated Tests"
	preserve-order="true">

	<listeners>
		<listener class-name="com.qait.automation.report.CustomReport_Automation_New" />
	</listeners>

	<test name="Smoke Test : Admin Creates New Course" preserve-order="true">
		<classes>
			<class name="com.qait.d2l.tests.AdminSmokeCreateNewCourse" />
		</classes>
	</test>

	<test name="Smoke Test : Admin Creates New Instructor And Student"
		preserve-order="true">
		<classes>
			<class name="com.qait.d2l.tests.AdminSmokeCreateUsers" />
		</classes>
	</test>

	<test name="Smoke Test : Admin Enrolls Existing Instructor And Student"
		preserve-order="true">
		<classes>
			<class name="com.qait.d2l.tests.AdminSmokeUserEnrollment" />
		</classes>
	</test>

	<test name="Smoke Test : Admin Updates Remote Plugins"
		preserve-order="true">
		<classes>
			<class name="com.qait.d2l.tests.AdminSmokeUpdateRemotePlugins" />
		</classes>
	</test>

	<test name="Smoke Test : Admin Creates New Homepage For Course"
		preserve-order="true">
		<classes>
			<class name="com.qait.d2l.tests.AdminSmokeCreateHomePage" />
		</classes>
	</test>

	<test name="Smoke Test : InstructorSmokeSuccessfullLogin"
		preserve-order="true">
		<classes>
			<class name="com.qait.d2l.tests.InstructorSmokeSuccessfullLogin" />
		</classes>
	</test>

	<test name="Smoke Test : InstructorSmokeCourseAssoication"
		preserve-order="true">
		<classes>
			<class name="com.qait.d2l.tests.InstructorSmokeCourseAssoication" />
		</classes>
	</test>

	<test name="Smoke Test : InstructorSmokeToolsWidget"
		preserve-order="true">
		<classes>
			<class name="com.qait.d2l.tests.InstructorSmokeToolsWidget" />
		</classes>
	</test>

	<test name="Smoke Test : InstructorSmokeContentDeployment"
		preserve-order="true">
		<classes>
			<class name="com.qait.d2l.tests.InstructorSmokeContentDeployment" />
		</classes>
	</test>

	<test name="Smoke Test : StudentAccessCodePurchase"
		preserve-order="true">
		<classes>
			<class name="com.qait.d2l.tests.StudentAccessCodePurchase" />
		</classes>
	</test>

	<test name="Smoke Test : StudentRequestFreeTrial" preserve-order="true">
		<classes>
			<class name="com.qait.d2l.tests.StudentRequestFreeTrial" />
		</classes>
	</test>

	<test name="Smoke Test : StudentPurchaseAccess" preserve-order="true">
		<classes>
			<class name="com.qait.d2l.tests.StudentPurchaseAccess" />
		</classes>
	</test>

	<test name="Smoke Test : Macmillan Tools Verification" preserve-order="true">
		<classes>
			<class name="com.qait.d2l.tests.Smoke_Instructor_Macmillan_Tools_Verification" />
		</classes>
	</test>

</suite>