<?xml version="1.0" encoding="UTF-8"?>
<suite verbose="0" name="D2l Selenium Automated Tests">

	<listeners>
		<listener class-name="com.qait.automation.report.CustomReport_Automation_New" />
	</listeners>

	<test
		name="TC_001 Course Creation Copy Associate And Dissociate Test And Verifications"
		preserve-order="true">
		<classes>
			<class
				name="com.qait.macmillan.d2l.tests.CourseCreationCopyAssociateDissociateTestAndVerifications" />
		</classes>
	</test>

	<test
		name="TC_002 Verification of Tool Widgets Links Test And Verifications"
		preserve-order="true">
		<classes>
			<class name="com.qait.macmillan.d2l.tests.VerificationOfWidgetToolLinks" />
		</classes>
	</test>

</suite>