<?xml version="1.0" encoding="UTF-8"?>
<suite verbose="0" name="AQE-Redesign Selenium Automated Tests"
	preserve-order="true" parallel="tests" thread-count="8">
	<!-- <parameter name="book" value="myers11e"/> -->

	<listeners>
		<listener class-name="com.qait.automation.report.CustomReport_Automation" />
	</listeners>

	<test name="Smoke Test - Question Editor">
		<classes>
			<class name="com.qait.AQE.tests.Smoke_Test" />
		</classes>
	</test>

	<test name="Sprint 26: AA_083_Bug_AA_232_SubTask">
		<classes>
			<class name="com.qait.AQE.tests.AA_083_Bug_AA_232_SubTask" />
		</classes>
	</test>

	<test name="Sprint 26: AA_147_Bug_AA_623_SubTask">
		<classes>
			<class name="com.qait.AQE.tests.AA_147_Bug_AA_623_SubTask" />
		</classes>
	</test>

	<test name="Sprint 26: AA_205_Bug_AA_234_SubTask">
		<classes>
			<class name="com.qait.AQE.tests.AA_205_Bug_AA_234_SubTask" />
		</classes>
	</test>

	<test name="Sprint 26: AA_215_Bug_AA_233_SubTask">
		<classes>
			<class name="com.qait.AQE.tests.AA_215_Bug_AA_233_SubTask" />
		</classes>
	</test>

	<test name="Sprint 27: AA_027_UserStory_AA_236_SubTask">
		<classes>
			<class name="com.qait.AQE.tests.AA_027_UserStory_AA_236_SubTask" />
		</classes>
	</test>

	<test name="Sprint 27: AA_146_Bug_AA_273_SubTask">
		<classes>
			<class name="com.qait.AQE.tests.AA_146_Bug_AA_273_SubTask" />
		</classes>
	</test>

	<test name="Sprint 27: AA_279_Bug_AA_287_SubTask">
		<classes>
			<class name="com.qait.AQE.tests.AA_279_Bug_AA_287_SubTask" />
		</classes>
	</test>

	<test name="Sprint 28: AA_206_Bug_AA_286_SubTask">
		<classes>
			<class name="com.qait.AQE.tests.AA_206_Bug_AA_286_SubTask" />
		</classes>
	</test>

	<test name="Sprint 28: AA_219_Bug_AA_304_SubTask">
		<classes>
			<class name="com.qait.AQE.tests.AA_219_Bug_AA_304_SubTask" />
		</classes>
	</test>

	<test
		name="Sprint 29: Smoke Testing - Creating Questions from XML : Smoke_Test_AA_311_Story">
		<classes>
			<class name="com.qait.AQE.tests.Smoke_Test_AA_311_Story" />
		</classes>
	</test>

	<test
		name="Sprint 30: Smoke Testing - Creating Advanced Question from Formula Editor : Smoke_Test_AA_355_Story">
		<classes>
			<class name="com.qait.AQE.tests.Smoke_Test_AA_355_Story" />
		</classes>
	</test>

	<test name="Sprint 32: AA_036_Bug_AA_417_Story">
		<classes>
			<class name="com.qait.AQE.tests.AA_036_Bug_AA_417_Story" />
		</classes>
	</test>

	<test name="Sprint 32: AA_062_UserStory_AA_372_Story">
		<classes>
			<class name="com.qait.AQE.tests.AA_062_UserStory_AA_372_Story" />
		</classes>
	</test>

	<test name="Sprint 32: AA_298_Bug_AA_418_Story">
		<classes>
			<class name="com.qait.AQE.tests.AA_298_Bug_AA_418_Story" />
		</classes>
	</test>

	<test name="Sprint 33: AA_055_Bug_AA_419_Story">
		<classes>
			<class name="com.qait.AQE.tests.AA_055_Bug_AA_419_Story" />
		</classes>
	</test>

	<test name="Sprint 34: AA_239_UserStory_AA_424_Story">
		<classes>
			<class name="com.qait.AQE.tests.AA_239_UserStory_AA_424_Story" />
		</classes>
	</test>

	<test name="Sprint 35: PX_13443_Triage_AA_460_Story">
		<classes>
			<class name="com.qait.AQE.tests.PX_13443_Triage_AA_460_Story" />
		</classes>
	</test>

	<test name="Sprint 35: AA_432_Bug_AA_461_Story">
		<classes>
			<class name="com.qait.AQE.tests.AA_432_Bug_AA_461_Story" />
		</classes>
	</test>

	<test name="Sprint 36: AA_302_Bug_AA_474_Story">
		<classes>
			<class name="com.qait.AQE.tests.AA_302_Bug_AA_474_Story" />
		</classes>
	</test>

	<test name="Sprint 37: AA_173_UserStory_AA_578_Story">
		<classes>
			<class name="com.qait.AQE.tests.AA_173_UserStory_AA_578_Story" />
		</classes>
	</test>

	<test name="Sprint 37: AA_280_Bug_AA_579_Story">
		<classes>
			<class name="com.qait.AQE.tests.AA_280_Bug_AA_579_Story" />
		</classes>
	</test>

	<test name="Sprint 37: AA_377_Bug_AA_657_Story">
		<classes>
			<class name="com.qait.AQE.tests.AA_377_Bug_AA_657_Story" />
		</classes>
	</test>

	<test name="Sprint 37: AA_423_Bug_AA_475_Story">
		<classes>
			<class name="com.qait.AQE.tests.AA_423_Bug_AA_475_Story" />
		</classes>
	</test>

	<test name="Sprint 37: AA_456_Bug_AA_621_Story">
		<classes>
			<class name="com.qait.AQE.tests.AA_456_Bug_AA_621_Story" />
		</classes>
	</test>

	<test name="Sprint 37: AA_477_Bug_AA_845_Story">
		<classes>
			<class name="com.qait.AQE.tests.AA_477_Bug_AA_845_Story" />
		</classes>
	</test>

	<test name="Sprint 38: AA_465_Bug_AA_536_Story">
		<classes>
			<class name="com.qait.AQE.tests.AA_465_Bug_AA_536_Story" />
		</classes>
	</test>

	<test name="Sprint 38: AA_400_Bug_AA_571_Story">
		<classes>
			<class name="com.qait.AQE.tests.AA_400_Bug_AA_571_Story" />
		</classes>
	</test>

	<test name="Sprint 39: AA_557_Bug_AA_902_Story">
		<classes>
			<class name="com.qait.AQE.tests.AA_557_Bug_AA_902_Story" />
		</classes>
	</test>

	<test name="Sprint 39: AA_559_Bug_AA_592_Story">
		<classes>
			<class name="com.qait.AQE.tests.AA_559_Bug_AA_592_Story" />
		</classes>
	</test>

	<test name="Sprint 40: AA_057_UserStory_AA_544_Story">
		<classes>
			<class name="com.qait.AQE.tests.AA_057_UserStory_AA_544_Story" />
		</classes>
	</test>

	<test name="Sprint 40: AA_535_Bug_AA_813_Story">
		<classes>
			<class name="com.qait.AQE.tests.AA_535_Bug_AA_813_Story" />
		</classes>
	</test>

	<test name="Sprint 41: AA_574_Bug_AA_591_Story">
		<classes>
			<class name="com.qait.AQE.tests.AA_574_Bug_AA_591_Story" />
		</classes>
	</test>

	<test name="Sprint 41: AA_590_Bug_AA_968_Story">
		<classes>
			<class name="com.qait.AQE.tests.AA_590_Bug_AA_968_Story" />
		</classes>
	</test>

	<test name="Sprint 41: AA_604_Bug_AA_970_Story">
		<classes>
			<class name="com.qait.AQE.tests.AA_604_Bug_AA_970_Story" />
		</classes>
	</test>

	<test name="Sprint 41: AA_605_Bug_AA_972_Story">
		<classes>
			<class name="com.qait.AQE.tests.AA_605_Bug_AA_972_Story" />
		</classes>
	</test>

	<test name="Sprint 42: AA_530_UserStory_AA_834_Story">
		<classes>
			<class name="com.qait.AQE.tests.AA_530_UserStory_AA_834_Story" />
		</classes>
	</test>

	<test name="Sprint 42: AA_553_UserStory_AA_947_Story">
		<classes>
			<class name="com.qait.AQE.tests.AA_553_UserStory_AA_947_Story" />
		</classes>
	</test>

	<test name="Sprint 43: AA_496_UserStory_AA_901_Story">
		<classes>
			<class name="com.qait.AQE.tests.AA_496_UserStory_AA_901_Story" />
		</classes>
	</test>

	<test name="Sprint 43: AA_659_Bug_AA_963_Story">
		<classes>
			<class name="com.qait.AQE.tests.AA_659_Bug_AA_963_Story" />
		</classes>
	</test>

	<test name="CTC_400_Bug_AA_577_Story">
		<classes>
			<class name="com.qait.AQE.tests.CTC_400_Bug_AA_577_Story" />
		</classes>
	</test>

	<test name="AA_526_Bug_AA_658_Story">
		<classes>
			<class name="com.qait.AQE.tests.AA_526_Bug_AA_658_Story" />
		</classes>
	</test>
	<test name="AA_564_Bug_AA_1711_SubTask">
		<classes>
			<class name="com.qait.AQE.tests.AA_564_Bug_AA_1711_SubTask" />
		</classes>
	</test>
	<test name="AA_616_Bug_AA_1709_Story">
		<classes>
			<class name="com.qait.AQE.tests.AA_616_Bug_AA_1709_Story" />
		</classes>
	</test>
	<test name="AA_636_Bug_AA_1707_SubTask">
		<classes>
			<class name="com.qait.AQE.tests.AA_636_Bug_AA_1707_SubTask" />
		</classes>
	</test>
	<test name="AA_655_UserStory_AA_1705_Story">
		<classes>
			<class name="com.qait.AQE.tests.AA_655_UserStory_AA_1705_Story" />
		</classes>
	</test>
	<test name="AA_806_Bug_AA_1704_SubTask">
		<classes>
			<class name="com.qait.AQE.tests.AA_806_Bug_AA_1704_SubTask" />
		</classes>
	</test>
	<test name="AA_807_Bug_AA_1703_Subtask">
		<classes>
			<class name="com.qait.AQE.tests.AA_807_Bug_AA_1703_SubTask" />
		</classes>
	</test>
	<test name="AA_452_UserStory_AA_1713_Story">
		<classes>
			<class name="com.qait.AQE.tests.AA_452_UserStory_AA_1713_Story" />
		</classes>
	</test>


</suite>
