<?xml version="1.0" encoding="UTF-8"?>
	<suite verbose="0" name="SmokeTestNew"
		   parallel="tests" thread-count="9">
		<parameter name="book" value="bps7e" />
		<parameter name="suiteType" value="QPv1 Smoke Test Suite Test Rail" />
		<parameter name="productID" value="30" />
		<parameter name="suiteID" value="1930" />

	<listeners>
		<listener class-name="com.qait.automation.report.CustomReport_Automation_New" />
	</listeners>

	<test name="Assignment_Setting_Test_New" preserve-order="true">
		<classes>
			<class name="com.qait.QPv1.smoke.Assignment_Setting_Test_New" />
		</classes>
	</test>

	<!--<test name="Econ_Graphing_Test_New" preserve-order="true">-->
		<!--<classes>-->
			<!--<class name="com.qait.QPv1.smoke.Econ_Graphing_Test_New" />-->
		<!--</classes>-->
	<!--</test>-->

	<test name="Native_Question_Editor_Test" preserve-order="true">
		<classes>
			<class name="com.qait.QPv1.smoke.Native_Question_Editor_Test" />
		</classes>
	</test>

	<test name="QPV1_Smoke_Test" preserve-order="true">
		<classes>
			<class name="com.qait.QPv1.smoke.QPV1_Smoke_Test" />
		</classes>
	</test>

	<test name="Question_Picker_V1_New" preserve-order="true">
		<classes>
			<class name="com.qait.QPv1.smoke.Question_Picker_V1_New" />
		</classes>
	</test>

		<test name="QPV1_Sanity_CheckList_Homework" preserve-order="true">
		<classes>
			<class name="com.qait.QPv1.sanity.QPV1_Sanity_CheckList_Homework" />
		</classes>
	</test>
    <test name="Assignment_Setting_Test_2_New" preserve-order="true">
        <classes>
            <class name="com.qait.QPv1.smoke.Assignment_Setting_Test_2_New" />
        </classes>
    </test>

</suite>