<?xml version="1.0" encoding="UTF-8"?>
<suite name="SanityTest" parallel="tests" thread-count="8">
	<parameter name="book" value="bps7e" />
	<parameter name="suiteType" value="QPv1 Sanity Test Suite Data Creation" />
	<parameter name="productID" value="30" />
	<parameter name="suiteID" value="2624" />
	

	<listeners>
		<listener class-name="com.qait.automation.report.CustomReport_Automation_New" />
	</listeners>

	<test name="QPV1_Sanity_CheckList_Homework" preserve-order="true">
		<classes>
			<class name="com.qait.QPv1.sanity.QPV1_Sanity_CheckList_Homework" />
		</classes>
	</test>


	<test name="QPV1_Sanity_CheckList_Native_Advanced" preserve-order="true">
		<classes>
			<class name="com.qait.QPv1.sanity.QPV1_Sanity_CheckList_Native_Advanced" />
		</classes>
	</test>


	<!--<test name="QPV1_Sanity_CheckList_EconGraphing" preserve-order="true">-->
		<!--<classes>-->
			<!--<class name="com.qait.QPv1.sanity.QPV1_Sanity_CheckList_EconGraphing" />-->
		<!--</classes>-->
	<!--</test>-->
</suite>