<?xml version="1.0" encoding="UTF-8"?>
<suite name="SmokeTest" parallel="tests" thread-count="8">
	<parameter name="book" value="calculus" />

	<listeners>
		<listener class-name="com.qait.automation.report.CustomReport_Automation_New" />
	</listeners>

	<test name="Homework_AA_1369_Bug_AA_1793_SubTask" preserve-order="true">
		<classes>
			<class name="com.qait.QPv1.tests.Homework_AA_1369_Bug_AA_1793_SubTask" />
		</classes>
	</test>


	<test name="Homework_AA_815_Bug_AA_1794_SubTask" preserve-order="true">
		<classes>
			<class name="com.qait.QPv1.tests.Homework_AA_815_Bug_AA_1794_SubTask" />
		</classes>
	</test>


	<test name="Homework_AA_931_Bug_AA_1796_SubTask" preserve-order="true">
		<classes>
			<class name="com.qait.QPv1.tests.Homework_AA_931_Bug_AA_1796_SubTask" />
		</classes>
	</test>


	<test name="Homework_AA_651_UserStory_AA_1850_SubTask"
		preserve-order="true">
		<classes>
			<class
				name="com.qait.QPv1.tests.Homework_AA_651_UserStory_AA_1850_SubTask" />
		</classes>
	</test>


	<test name="Homework_AA_1291_UserStory_AA_1851_SubTask"
		preserve-order="true">
		<classes>
			<class
				name="com.qait.QPv1.tests.Homework_AA_1291_UserStory_AA_1851_SubTask" />
		</classes>
	</test>


	<test name="Homework_AA_1468_Bug_AA_1852_SubTask" preserve-order="true">
		<classes>
			<class name="com.qait.QPv1.tests.Homework_AA_1468_Bug_AA_1852_SubTask" />
		</classes>
	</test>


	<test name="Homework_AA_843_Bug_AA_1853_SubTask" preserve-order="true">
		<classes>
			<class name="com.qait.QPv1.tests.Homework_AA_843_Bug_AA_1853_SubTask" />
		</classes>
	</test>


	<test name="Homework_AA_1340_Bug_AA_1854_SubTask" preserve-order="true">
		<classes>
			<class name="com.qait.QPv1.tests.Homework_AA_1340_Bug_AA_1854_SubTask" />
		</classes>
	</test>


	<test name="Homework_AA_1861_1862_1855_2008_SubTasks"
		preserve-order="true">
		<classes>
			<class name="com.qait.QPv1.tests.Homework_AA_1861_1862_1855_2008_SubTasks" />
		</classes>
	</test>


	<test name="Homework_AA_499_UserStory_AA_1857_SubTask"
		preserve-order="true">
		<classes>
			<class
				name="com.qait.QPv1.tests.Homework_AA_499_UserStory_AA_1857_SubTask" />
		</classes>
	</test>


	<test name="Homework_AA_505_UserStory_AA_1858_SubTask"
		preserve-order="true">
		<classes>
			<class
				name="com.qait.QPv1.tests.Homework_AA_505_UserStory_AA_1858_SubTask" />
		</classes>
	</test>


	<test name="Homework_AA_501_UserStory_AA_1859_SubTask"
		preserve-order="true">
		<classes>
			<class
				name="com.qait.QPv1.tests.Homework_AA_501_UserStory_AA_1859_SubTask" />
		</classes>
	</test>


	<test name="Homework_AA_497_UserStory_AA_1860_SubTask"
		preserve-order="true">
		<classes>
			<class
				name="com.qait.QPv1.tests.Homework_AA_497_UserStory_AA_1860_SubTask" />
		</classes>
	</test>


	<test name="Homework_AA_938_Bug_AA_1863_SubTask" preserve-order="true">
		<classes>
			<class name="com.qait.QPv1.tests.Homework_AA_938_Bug_AA_1863_SubTask" />
		</classes>
	</test>


	<test name="Homework_AA_939_UserStory_AA_1864_SubTask"
		preserve-order="true">
		<classes>
			<class
				name="com.qait.QPv1.tests.Homework_AA_939_UserStory_AA_1864_SubTask" />
		</classes>
	</test>


	<test name="Homework_AA_1867_1865_SubTasks" preserve-order="true">
		<classes>
			<class name="com.qait.QPv1.tests.Homework_AA_1867_1865_SubTasks" />
		</classes>
	</test>


	<test name="Homework_AA_932_UserStory_AA_1866_SubTask"
		preserve-order="true">
		<classes>
			<class
				name="com.qait.QPv1.tests.Homework_AA_932_UserStory_AA_1866_SubTask" />
		</classes>
	</test>


	<test name="Homework_AA_638_Bug_AA_1868_SubTask" preserve-order="true">
		<classes>
			<class name="com.qait.QPv1.tests.Homework_AA_638_Bug_AA_1868_SubTask" />
		</classes>
	</test>


	<test name="Homework_AA_1799_Bug_AA_1869_SubTask" preserve-order="true">
		<classes>
			<class name="com.qait.QPv1.tests.Homework_AA_1799_Bug_AA_1869_SubTask" />
		</classes>
	</test>


</suite>