<?xml version="1.0" encoding="UTF-8"?>
	<suite name="QuestionPicker version1 Selenium Automated Tests" parallel="tests" thread-count="9">
	<parameter name="book" value="bps7e" />
	<parameter name="suiteType" value="QPv1 Regression Suite - Prioritized" />
	<parameter name="productID" value="30" />
	<parameter name="suiteID" value="2984" />

	<listeners>
		<listener class-name="com.qait.automation.report.CustomReport_Automation_New" />
	</listeners>

	<!-- FOLLOWING CLASSES ARE CREATED ACCORDING TO COMPONENT LEVEL WORKFLOWS -->

	<test name="Import MCQ" preserve-order="true">
		<classes>
			<class name="com.qait.QPv1.tests.Quiz_Import_MCQ_Test" />
		</classes>
	</test>

	<test name="Import Multiple Select" preserve-order="true">
		<classes>
			<class name="com.qait.QPv1.tests.Quiz_Import_Multiple_Select_Test" />
		</classes>
	</test>

	<test name="Unassigned Quiz behaviour at student end" preserve-order="true">
		<classes>
			<class name="com.qait.QPv1.tests.Unassigned_Quiz_Behaviour_At_Student_End" />
		</classes>
	</test>
	
	<test name="Multiple Choice Question Creation and Editing" preserve-order="true">
		<classes>
			<class name="com.qait.QPv1.tests.Quiz_With_Existing_Created_Multiple_Choice_Question_Test" />
		</classes>
	</test>
	
	<test name="Multiple Answer Question Creation and Attempt" preserve-order="true">
		<classes>
			<class name="com.qait.QPv1.tests.Quiz_With_Existing_Created_Multiple_Answer_Question_Test" />
		</classes>
	</test>
	
	<test name="Ordering Question Creation and Attempt" preserve-order="true">
		<classes>
			<class name="com.qait.QPv1.tests.Quiz_With_Existing_or_Created_Ordering_Question" />
		</classes>
	</test>
	
	<test name="Essay Question Creation and Attempt" preserve-order="true">
		<classes>
			<class name="com.qait.QPv1.tests.Quiz_With_Existing_Created_Essay_Test" />
		</classes>
	</test>
	
	<test name="Quiz with Default settings" preserve-order="true">
		<classes>
			<class name="com.qait.QPv1.workflows.Quiz_Default_Settings" />
		</classes>
	</test>
	
	<test name="Question Pool" preserve-order="true">
		<classes>
			<class name="com.qait.QPv1.workflows.QPv1_Quiz_Consist_Pool" />
		</classes>
	</test>
	
	<test name="Question Picker v1" preserve-order="true">
		<classes>
			<class name="com.qait.QPv1.tests.Question_Picker_V1_Questions_Tab" />
		</classes>
	</test>
	
	<test name="Matching Question Creation and Attempt" preserve-order="true">
		<classes>
			<class name="com.qait.QPv1.workflows.Quiz_With_Existing_Created_Matching_Question_Test" />
		</classes>
	</test>
	
	<test name="Preview as Student" preserve-order="true">
		<classes>
			<class name="com.qait.QPv1.tests.QPv1_Quiz_Preview_As_Student" />
		</classes>
	</test>
	
	<test name="Points/Properties - Multiple Answer" preserve-order="true">
		<classes>
			<class name="com.qait.QPv1.workflows.Multiple_Answer_Points_Properties" />
		</classes>
	</test>
	
	<test name="Points/Properties - Ordering" preserve-order="true">
		<classes>
			<class name="com.qait.QPv1.workflows.Ordering_Points_Properties" />
		</classes>
	</test>
	
	<test name="Points/Properties - Matching" preserve-order="true">
		<classes>
			<class name="com.qait.QPv1.workflows.Matching_Points_Properties" />
		</classes>
	</test>
	
	<test name="Points/Properties - MCQ" preserve-order="true">
		<classes>
			<class name="com.qait.QPv1.workflows.MCQ_Points_Properties" />
		</classes>
	</test>
	
	<test name="Points/Properties - Fill or short" preserve-order="true">
		<classes>
			<class name="com.qait.QPv1.workflows.Fill_Blank_Points_Properties" />
		</classes>
	</test>
	
	<test name="Question Feedbacks" preserve-order="true">
		<classes>
			<class name="com.qait.QPv1.tests.Quiz_Question_Feedbacks" />
		</classes>
	</test>

	<test name="QPv1_Quiz_Settings_For_Group" preserve-order="true">
		<classes>
			<class name="com.qait.QPv1.tests.QPv1_Quiz_Settings_For_Group" />
		</classes>
	</test>

	<test name="QPv1_Quiz_Settings_For_Individual" preserve-order="true">
		<classes>
			<class name="com.qait.QPv1.tests.QPv1_Quiz_Settings_For_Individual" />
		</classes>
	</test>

	<test name="QPv1_Quiz_With_Change_In_Settings" preserve-order="true">
		<classes>
			<class name="com.qait.QPv1.tests.QPv1_Quiz_With_Change_In_Settings" />
		</classes>
	</test>

	<test name="QPv1_Score_Attempt_First" preserve-order="true">
		<classes>
			<class name="com.qait.QPv1.workflows.QPv1_Score_Attempt_First" />
		</classes>
	</test>

	<test name="QPv1_Score_Attempt_Last" preserve-order="true">
		<classes>
			<class name="com.qait.QPv1.workflows.QPv1_Score_Attempt_Last" />
		</classes>
	</test>

	<test name="QPv1_Score_Attempt_Average" preserve-order="true">
		<classes>
			<class name="com.qait.QPv1.workflows.QPv1_Score_Attempt_Average" />
		</classes>
	</test>

	<test name="QPv1_Quiz_Visibility_Settings_Hide_From_Students_Until_Date" preserve-order="true">
		<classes>
			<class name="com.qait.QPv1.workflows.QPv1_Quiz_Visibility_Settings_Hide_From_Students_Until_Date" />
		</classes>
	</test>

	<test name="QPv1_Quiz_Visibility_Settings_Hide_To_Students" preserve-order="true">
		<classes>
			<class name="com.qait.QPv1.workflows.QPv1_Quiz_Visibility_Settings_Hide_To_Students" />
		</classes>
	</test>

	<listeners>
		<listener class-name="com.qait.automation.report.CustomReport_Automation_New" />
	</listeners>

	<test name="Assignment_Setting_Test_2_New" preserve-order="true">
		<classes>
			<class name="com.qait.QPv1.smoke.Assignment_Setting_Test_2_New" />
		</classes>
	</test>

	<test name="Assignment_Setting_Test_New" preserve-order="true">
		<classes>
			<class name="com.qait.QPv1.smoke.Assignment_Setting_Test_New" />
		</classes>
	</test>

	<test name="Native_Question_Editor_Test" preserve-order="true">
		<classes>
			<class name="com.qait.QPv1.smoke.Native_Question_Editor_Test" />
		</classes>
	</test>

	<test name="QPV1_Smoke_Test" preserve-order="true">
		<classes>
			<class name="com.qait.QPv1.smoke.QPV1_Smoke_Test" />
		</classes>
	</test>

	<test name="Question_Picker_V1_New" preserve-order="true">
		<classes>
			<class name="com.qait.QPv1.smoke.Question_Picker_V1_New" />
		</classes>
	</test>

	<test name="QPV1_Sanity_CheckList_Homework" preserve-order="true">
		<classes>
			<class name="com.qait.QPv1.sanity.QPV1_Sanity_CheckList_Homework" />
		</classes>
	</test>
	
	<test name="QPv1_Miscellaneous_Question_Quiz" preserve-order="true">
		<classes>
			<class name="com.qait.QPv1.workflows.QPv1_Miscellaneous_Question_Quiz" />
		</classes>
	</test>

</suite>