<?xml version="1.0" encoding="UTF-8"?>
<suite name="Prod_SanityTest" parallel="tests" thread-count="8">
	<parameter name="book" value="bps7e" />
	<parameter name="suiteType" value="PROD_QPv1 Sanity Test Suite" />
	<parameter name="productID" value="30" />
	<parameter name="suiteID" value="2624" />
	

	<listeners>
		<listener class-name="com.qait.automation.report.CustomReport_Automation_New" />
	</listeners>

	<test name="PROD_QPV1_Sanity_CheckList_Homework" preserve-order="true">
		<classes>
			<class name="com.qait.QPv1.prod_sanity.PROD_QPV1_Sanity_CheckList_Homework" />
		</classes>
	</test>


	<test name="PROD_QPV1_Sanity_CheckList_Native_Advanced" preserve-order="true">
		<classes>
			<class name="com.qait.QPv1.prod_sanity.PROD_QPV1_Sanity_CheckList_Native_Advanced" />
		</classes>
	</test>


<!--	<test name="PROD_QPV1_Sanity_CheckList_EconGraphing" preserve-order="true">
		<classes>
			<class name="com.qait.QPv1.prod_sanity.PROD_QPV1_Sanity_CheckList_EconGraphing" />
		</classes>
	</test> -->
	
</suite>