<?xml version="1.0" encoding="UTF-8"?>
<suite verbose="0" name="Canvas Automated Tests" preserve-order="true"
	parallel="false" thread-count="1">
	<parameter name="book" value="myers11e" /> <!-- New Added -->
	<listeners>
		<listener class-name="com.qait.automation.report.CustomReport_Automation_New" />
	</listeners>

	<test name="Workflow of Login" preserve-order="true">
		<classes>
			<class name="com.qait.canvas.tests.Workflow_Login" />
		</classes>
	</test>

	<test name="Workflow of Admin Dashboard" preserve-order="true">
		<classes>
			<class name="com.qait.canvas.tests.Workflow_Admin_Dashboard_Test" />
		</classes>
	</test>

	<test name="Workflow of Create Course" preserve-order="true">
		<classes>
			<class name="com.qait.canvas.tests.Workflow_Create_Course_Test" />
		</classes>
	</test>

	<test name="Workflow of Create User" preserve-order="true">
		<classes>
			<class name="com.qait.canvas.tests.Workflow_Create_User_Test" />
		</classes>
	</test>
	<test name="Workflow of Search And Publish Courses"
		preserve-order="true">
		<classes>
			<class
				name="com.qait.canvas.tests.Workflow_Search_And_Publish_Courses_Test" />
		</classes>
	</test>
	<test name="WorkFlow of EnrollUsers and Create Login"
		preserve-order="true">
		<classes>
			<class name="com.qait.canvas.tests.WorkFlow_EnrollUsers_Create_Login" />
		</classes>
	</test>
	<test name="Workflow of Instructor Login" preserve-order="true">
		<classes>
			<class name="com.qait.canvas.tests.Workflow_Instructor_Login" />
		</classes>
	</test>

	<test name="Workflow of Add Macmillan Tools" preserve-order="true">
		<classes>
			<class name="com.qait.canvas.tests.WorkFlow_Add_MacMillanTools" />
		</classes>
	</test>

	<test name="WorkFlow of Associate Course" preserve-order="true">
		<classes>
			<class name="com.qait.canvas.tests.WorkFlow_Associate_Course" />
		</classes>
	</test>

	<test name="Workflow of Create Assignments" preserve-order="true">
		<classes>
			<class name="com.qait.canvas.tests.Workflow_Create_Assignments" />
		</classes>
	</test>
	<test name="Workflow of Deploy And Publish Assignments"
		preserve-order="true">
		<classes>
			<class name="com.qait.canvas.tests.Workflow_DeployAndPublish_Assignments" />
		</classes>
	</test>

</suite>
