<?xml version="1.0" encoding="UTF-8"?>
<suite verbose="0" name="Canvas Automated Tests" preserve-order="true"
       parallel="false" thread-count="1">
    <parameter name="book" value="myers11e" /> <!-- New Added -->
    <listeners>
        <listener class-name="com.qait.automation.report.CustomReport_Automation_New" />
    </listeners>

    <test name="Sanity Admin Create New Student"
          preserve-order="true">
        <classes>
            <class
                    name="com.qait.canvas.tests.Sanity_Admin_Flow" />
        </classes>
    </test>

    <test name="Sanity Instructor Associate Course, Create And Deploy Assignment" preserve-order="true">
        <classes>
            <class name="com.qait.canvas.tests.Sanity_Instructor_Flow" />
        </classes>
    </test>

    <test name="Sanity Student Register Via Request Free Trail and Attempt Assignment" preserve-order="true">
        <classes>
            <class name="com.qait.canvas.tests.Sanity_Student_Flow" />
        </classes>
    </test>
</suite>
