<?xml version="1.0" encoding="UTF-8"?>
<suite verbose="0" name="Canvas Automated Tests" preserve-order="true"
	parallel="false" thread-count="1">
	<parameter name="book" value="myers11e" /> <!-- New Added -->
	<listeners>
		<listener class-name="com.qait.automation.report.CustomReport_Automation_New" />
	</listeners>

	<test name="Smoke Admin Unenroll Instructor From Course"
		preserve-order="true">
		<classes>
			<class
				name="com.qait.canvas.tests.Smoke_Admin_Unenroll_Instructor_From_Course" />
		</classes>
	</test>

	<test name="Smoke Test Admin Flow" preserve-order="true">
		<classes>
			<class name="com.qait.canvas.tests.Smoke_Admin_Flow" />
		</classes>
	</test>

	<test name="Smoke Test Instructor Flow" preserve-order="true">
		<classes>
			<class name="com.qait.canvas.tests.Smoke_Instructor_Flow" />
		</classes>
	</test>

	<test name="Smoke Test Student Request Free Trial" preserve-order="true">
		<classes>
			<class name="com.qait.canvas.tests.Smoke_Student_Request_Free_Trial" />
		</classes>
	</test>

	<test name="Smoke Test Access Code" preserve-order="true">
		<classes>
			<class name="com.qait.canvas.tests.Smoke_Student_Enter_Access_Code" />
		</classes>
	</test>

	<test name="Smoke Test Paypal Purchase" preserve-order="true">
		<classes>
			<class name="com.qait.canvas.tests.Smoke_Student_PayPal_Purchase" />
		</classes>
	</test>

	<test name="Smoke Test Macmillan Tools Verification"
		preserve-order="true">
		<classes>
			<class
				name="com.qait.canvas.tests.Smoke_Instructor_Macmillan_Tools_Verification" />
		</classes>
	</test>
</suite>
