<?xml version="1.0" encoding="UTF-8"?>
<suite verbose="0" name="Canvas Automated Tests" preserve-order="true"
	parallel="false" thread-count="1">
	<parameter name="book" value="myers11e" /> <!-- New Added -->
	<listeners>
		<listener class-name="com.qait.automation.report.CustomReport_Automation_New" />
	</listeners>

	<test name="New Student Enrollment Into ACES1E Course From UoP"
		preserve-order="true">
		<classes>
			<class
				name="com.qait.canvas.tests.SYSIN_4094" />
		</classes>
	</test>	
</suite>
