<?xml version="1.0" encoding="UTF-8"?>
<suite verbose="0" name="Canvas Selenium Automated Tests"
	preserve-order="false">

	<listeners>
		<listener class-name="com.qait.automation.report.CustomReport_Automation" />
	</listeners>

	<test name="Automation TC_000 Userstory CheckAssociatedNonAssociatedUsers"
		preserve-order="true">
		<classes>
			<class name="com.qait.canvas.tests.CheckAssociatedNonAssociatedUsers" />
		</classes>
	</test>

	<test name="Automation TC_001 Userstory SYSIN-1845"
		preserve-order="true">
		<classes>
			<class name="com.qait.canvas.tests.SYSIN1845" />
		</classes>
	</test>

	<test name="Automation TC_002 Userstory SYSIN-1846"
		preserve-order="true">
		<classes>
			<class name="com.qait.canvas.tests.SYSIN1846" />
		</classes>
	</test>


</suite>
