<?xml version="1.0" encoding="UTF-8"?>
<suite verbose="0" name="Canvas Selenium Automated Tests"
	preserve-order="false">

	<listeners>
		<listener class-name="com.qait.automation.report.CustomReport_Automation" />
	</listeners>

	<test name="Smoke Admin" preserve-order="true">
		<parameter name="BROWSER" value="" />
		<parameter name="filepath" value="" />
		<classes>
			<class name="com.qait.canvas.tests.SmokeTestAdmin" />
		</classes>
	</test>

	<test name="Smoke Instructor" preserve-order="true">
		<parameter name="BROWSER" value="" />
		<parameter name="filepath" value="" />
		<classes>
			<class name="com.qait.canvas.tests.SmokeTestInstructor" />
		</classes>
	</test>

	<!-- <test name="Automation TC_000 New Test Data Creation" > <parameter 
		name="BROWSER" value="" /> <parameter name="filepath" value="" /> <classes> 
		<class name="com.qait.canvas.tests.NewTestData" /> </classes> </test> <test 
		name="Automation TC_000 Userstory CheckAssociatedNonAssociatedUsers" preserve-order="true"> 
		<parameter name="BROWSER" value="" /> <parameter name="filepath" value="" 
		/> <classes> <class name="com.qait.canvas.tests.CheckAssociatedNonAssociatedUsers" 
		/> </classes> </test> <test name="Automation TC_001 Userstory SYSIN-1845" 
		preserve-order="true"> <parameter name="BROWSER" value="" /> <parameter name="filepath" 
		value="" /> <classes> <class name="com.qait.canvas.tests.SYSIN1845" /> </classes> 
		</test> <test name="Automation TC_002 Userstory SYSIN-1846" preserve-order="true"> 
		<parameter name="BROWSER" value="" /> <parameter name="filepath" value="" 
		/> <classes> <class name="com.qait.canvas.tests.SYSIN1846" /> </classes> 
		</test> <test name="Automation TC_003 Userstory SYSIN-1847" preserve-order="true"> 
		<parameter name="BROWSER" value="" /> <parameter name="filepath" value="" 
		/> <classes> <class name="com.qait.canvas.tests.SYSIN1847" /> </classes> 
		</test> <test name="Automation TC_004 Userstory SYSIN-1848" preserve-order="true"> 
		<parameter name="BROWSER" value="" /> <parameter name="filepath" value="" 
		/> <classes> <class name="com.qait.canvas.tests.SYSIN1848" /> </classes> 
		</test> <test name="Automation TC_005 Userstory SYSIN-1849" preserve-order="true"> 
		<parameter name="BROWSER" value="" /> <parameter name="filepath" value="" 
		/> <classes> <class name="com.qait.canvas.tests.SYSIN1849" /> </classes> 
		</test> <test name="Automation TC_006 Userstory SYSIN-1964" preserve-order="true"> 
		<parameter name="BROWSER" value="" /> <parameter name="filepath" value="" 
		/> <classes> <class name="com.qait.canvas.tests.SYSIN1964" /> </classes> 
		</test> <test name="Automation TC_007 Userstory SYSIN1961" preserve-order="true"> 
		<parameter name="BROWSER" value="" /> <parameter name="filepath" value="" 
		/> <classes> <class name="com.qait.canvas.tests.SYSIN1961" /> </classes> 
		</test> <test name="Automation TC_008 Userstory SYSIN1962a" preserve-order="true"> 
		<parameter name="BROWSER" value="" /> <parameter name="filepath" value="" 
		/> <classes> <class name="com.qait.canvas.tests.SYSIN1962a" /> </classes> 
		</test> <test name="Automation TC_009 Userstory SYSIN1962b" preserve-order="true"> 
		<parameter name="BROWSER" value="" /> <parameter name="filepath" value="" 
		/> <classes> <class name="com.qait.canvas.tests.SYSIN1962b" /> </classes> 
		</test> <test name="Automation TC_010 Userstory SYSIN1967" preserve-order="true"> 
		<parameter name="BROWSER" value="" /> <parameter name="filepath" value="" 
		/> <classes> <class name="com.qait.canvas.tests.SYSIN1967" /> </classes> 
		</test> <test name="Automation TC_011 Userstory SYSIN1968" preserve-order="true"> 
		<parameter name="BROWSER" value="" /> <parameter name="filepath" value="" 
		/> <classes> <class name="com.qait.canvas.tests.SYSIN1968" /> </classes> 
		</test> <test name="Automation TC_012 Userstory SYSIN1969" preserve-order="true"> 
		<parameter name="BROWSER" value="" /> <parameter name="filepath" value="" 
		/> <classes> <class name="com.qait.canvas.tests.SYSIN1969" /> </classes> 
		</test> <test name="Automation TC_013 Userstory SYSIN1840" preserve-order="true"> 
		<parameter name="BROWSER" value="" /> <parameter name="filepath" value="" 
		/> <classes> <class name="com.qait.canvas.tests.SYSIN1840" /> </classes> 
		</test> <test name="Automation TC_014 Userstory SYSIN1842" preserve-order="true"> 
		<parameter name="BROWSER" value="" /> <parameter name="filepath" value="" 
		/> <classes> <class name="com.qait.canvas.tests.SYSIN1842" /> </classes> 
		</test> <test name="Automation TC_015 Userstory SYSIN1843" preserve-order="true"> 
		<parameter name="BROWSER" value="" /> <parameter name="filepath" value="" 
		/> <classes> <class name="com.qait.canvas.tests.SYSIN1843" /> </classes> 
		</test> <test name="Automation TC_016 Userstory SYSIN1835" preserve-order="true"> 
		<parameter name="BROWSER" value="" /> <parameter name="filepath" value="" 
		/> <classes> <class name="com.qait.canvas.tests.SYSIN1835" /> </classes> 
		</test> <test name="Automation TC_017 Userstory SYSIN1839" preserve-order="true"> 
		<parameter name="BROWSER" value="" /> <parameter name="filepath" value="" 
		/> <classes> <class name="com.qait.canvas.tests.SYSIN1839" /> </classes> 
		</test> <test name="Automation TC_018 Userstory SYSIN1836" preserve-order="true"> 
		<parameter name="BROWSER" value="" /> <parameter name="filepath" value="" 
		/> <classes> <class name="com.qait.canvas.tests.SYSIN1836" /> </classes> 
		</test> <test name="Automation TC_019 Userstory SYSIN1838" preserve-order="true"> 
		<parameter name="BROWSER" value="" /> <parameter name="filepath" value="" 
		/> <classes> <class name="com.qait.canvas.tests.SYSIN1838" /> </classes> 
		</test> <test name="Automation TC_020 Userstory SYSIN1841" preserve-order="true"> 
		<parameter name="BROWSER" value="" /> <parameter name="filepath" value="" 
		/> <classes> <class name="com.qait.canvas.tests.SYSIN1841" /> </classes> 
		</test> <test name="Automation TC_021 Userstory SYSIN2150" preserve-order="true"> 
		<parameter name="BROWSER" value="" /> <parameter name="filepath" value="" 
		/> <classes> <class name="com.qait.canvas.tests.SYSIN2150" /> </classes> 
		</test> <test name="Automation TC_022 Userstory SYSIN2079" preserve-order="true"> 
		<parameter name="BROWSER" value="" /> <parameter name="filepath" value="" 
		/> <classes> <class name="com.qait.canvas.tests.SYSIN2079" /> </classes> 
		</test> <test name="Automation TC_023 Userstory SYSIN2080" preserve-order="true"> 
		<parameter name="BROWSER" value="" /> <parameter name="filepath" value="" 
		/> <classes> <class name="com.qait.canvas.tests.SYSIN2080" /> </classes> 
		</test> <test name="Automation TC_024 Userstory SYSIN2081" preserve-order="true"> 
		<parameter name="BROWSER" value="" /> <parameter name="filepath" value="" 
		/> <classes> <class name="com.qait.canvas.tests.SYSIN2081" /> </classes> 
		</test> <test name="Automation TC_025 Userstory SYSIN2082" preserve-order="true"> 
		<parameter name="BROWSER" value="" /> <parameter name="filepath" value="" 
		/> <classes> <class name="com.qait.canvas.tests.SYSIN2082" /> </classes> 
		</test> <test name="Automation TC_026 Userstory SYSIN2083" preserve-order="true"> 
		<parameter name="BROWSER" value="" /> <parameter name="filepath" value="" 
		/> <classes> <class name="com.qait.canvas.tests.SYSIN2083" /> </classes> 
		</test> <test name="Automation TC_027 Userstory SYSIN2084" preserve-order="true"> 
		<parameter name="BROWSER" value="" /> <parameter name="filepath" value="" 
		/> <classes> <class name="com.qait.canvas.tests.SYSIN2084" /> </classes> 
		</test> <test name="Automation TC_028 Userstory SYSIN2088" preserve-order="true"> 
		<parameter name="BROWSER" value="" /> <parameter name="filepath" value="" 
		/> <classes> <class name="com.qait.canvas.tests.SYSIN2088" /> </classes> 
		</test> <test name="Automation TC_029 Userstory SYSIN1965" preserve-order="true"> 
		<parameter name="BROWSER" value="" /> <parameter name="filepath" value="" 
		/> <classes> <class name="com.qait.canvas.tests.SYSIN1965" /> </classes> 
		</test> <test name="Automation TC_030 Userstory SYSIN1963" preserve-order="true"> 
		<parameter name="BROWSER" value="" /> <parameter name="filepath" value="" 
		/> <classes> <class name="com.qait.canvas.tests.SYSIN1963" /> </classes> 
		</test> <test name="Automation TC_031 Userstory SYSIN2089" preserve-order="true"> 
		<parameter name="BROWSER" value="" /> <parameter name="filepath" value="" 
		/> <classes> <class name="com.qait.canvas.tests.SYSIN2089" /> </classes> 
		</test> <test name="Automation TC_032 Userstory SYSIN2085" preserve-order="true"> 
		<parameter name="BROWSER" value="" /> <parameter name="filepath" value="" 
		/> <classes> <class name="com.qait.canvas.tests.SYSIN2085" /> </classes> 
		</test> <test name="Automation TC_033 Userstory SYSIN1992" preserve-order="true"> 
		<parameter name="BROWSER" value="" /> <parameter name="filepath" value="" 
		/> <classes> <class name="com.qait.canvas.tests.SYSIN1992" /> </classes> 
		</test> <test name="Automation TC_034 Userstory SYSIN2087" preserve-order="true"> 
		<parameter name="BROWSER" value="" /> <parameter name="filepath" value="" 
		/> <classes> <class name="com.qait.canvas.tests.SYSIN2087" /> </classes> 
		</test> <test name="Automation TC_035 Userstory OBG-177" preserve-order="true"> 
		<parameter name="BROWSER" value="" /> <parameter name="filepath" value="" 
		/> <classes> <class name="com.qait.canvas.tests.OBG_177_Test" /> </classes> 
		</test> -->
</suite>
