<?xml version="1.0" encoding="UTF-8"?>
<suite verbose="0" name="Canvas Automated Tests" preserve-order="true"
	parallel="false" thread-count="1">
	<parameter name="book" value="myers11e" /> <!-- New Added -->
	<listeners>
		<listener class-name="com.qait.automation.report.CustomReport_Automation_New" />
	</listeners>

	<test name="Create and Enrol Instructor Accounts"
		preserve-order="true">
		<classes>
			<class
				name="com.qait.canvas.tests.UoP_Create_And_Enrol_Users" />
		</classes>
	</test>

	<test name="Course Creation With Known Instructor" preserve-order="true">
		<classes>
			<class name="com.qait.canvas.tests.UoP_Known_Instructor_Tries_To_Create_Course" />
		</classes>
	</test>
	
	<test name="Course Creation With Unknown Instructor" preserve-order="true">
		<classes>
			<class name="com.qait.canvas.tests.UoP_Unknown_Instructor_Tries_To_Create_Course" />
		</classes>
	</test>
	
	<test name="Course Creation With Unknown Student" preserve-order="true">
		<classes>
			<class name="com.qait.canvas.tests.UoP_Unknown_Student_Tries_To_Create_Course" />
		</classes>
	</test>
	
</suite>
