<?xml version="1.0" encoding="UTF-8"?>

<suite verbose="0" name="Qpv2_Sanity_Test" parallel="tests" thread-count="2">
	<parameter name="suiteType" value="Qpv2 Sanity Checklist Production" />
	<parameter name="productID" value="30" />
	<parameter name="suiteID" value="2625" />

	<listeners>
		<listener class-name="com.qait.automation.report.CustomReport_Automation_New" />
	</listeners>

	<test name="Instructor Created Quiz And Quiz Player Sanity" preserve-order="true">
		<classes>
			<class name="com.qait.QPv2.sanity.PROD_Instructor_Created_Quiz_Sanity" />
		</classes>
	</test>
	
</suite>