<?xml version="1.0" encoding="UTF-8"?>
<suite verbose="0" name="EndToEnd" parallel="tests" thread-count="8">

	<listeners>
		<listener class-name="com.qait.automation.report.CustomReport_Automation_New" />
	</listeners>


	<test
		name="Pre-Made Assessment - AA-2973 (Automation Story of AA-1950 User Story)"
		preserve-order="true">
		<classes>
			<class name="com.qait.QPv2.tests.AA.AA_2973_Test" />
		</classes>
	</test>


	<test
		name="Pre-Made Assessment - AA-2974 , AA-2975 And AA-2976 (Automation Story of AA-1951, AA-1952 And AA-1953 User Stories)"
		preserve-order="true">
		<classes>
			<class name="com.qait.QPv2.tests.AA.AA_2974_2975_2976_Tests" />
		</classes>
	</test>

	<test
		name="Pre-Made Assessment - AA-3051 (Automation Story of AA-2213 User Story)"
		preserve-order="true">
		<classes>
			<class name="com.qait.QPv2.tests.AA.AA_3051_Test" />
		</classes>
	</test>

	<test
		name="Pre-Made Assessment - AA-5151 And AA-5153 (Automation Story of AA-2753 And AA-2679 User Stories)"
		preserve-order="true">
		<classes>
			<class name="com.qait.QPv2.tests.AA.AA_5151_5153_Test" />
		</classes>
	</test>

	<test
		name="Pre-Made Assessment - AA-5165 (Automation Story of AA-2749 User Story)"
		preserve-order="true">
		<classes>
			<class name="com.qait.QPv2.tests.AA.AA_5165_Test" />
		</classes>
	</test>


	<test
		name="Pre-Made Assessment - AA_5161 And AA-5166 (Automation Story of AA-3100 And AA-2874 User Stories)"
		preserve-order="true">
		<classes>
			<class name="com.qait.QPv2.tests.AA.AA_5161_5166_Test" />
		</classes>
	</test>

	<test name="Pre-Made Assessment - AA-3354" preserve-order="true">
		<classes>
			<class name="com.qait.QPv2.tests.AA.AA_3354_Test" />
		</classes>
	</test>

	<test
		name="Pre-Made Assessment - AA-5196 (Automation Story of AA-3396 User Story)"
		preserve-order="true">
		<classes>
			<class name="com.qait.QPv2.tests.AA.AA_5196_Test" />
		</classes>
	</test>

	<test
		name="Pre-Made Assessment - AA-5152 And AA-5155 (Automation Story of AA-3496 And AA-4266 User Stories)"
		preserve-order="true">
		<classes>
			<class name="com.qait.QPv2.tests.AA.AA_5152_5155_Test" />
		</classes>
	</test>

	<test
		name="Pre-Made Assessment - AA-4188 (Automation Story of AA-3639 User Story)"
		preserve-order="true">
		<classes>
			<class name="com.qait.QPv2.tests.AA.AA_4188_Test" />
		</classes>
	</test>

	<test
		name="Pre-Made Assessment - AA-4156 (Automation Story of AA-3817 User Story)"
		preserve-order="true">
		<classes>
			<class name="com.qait.QPv2.tests.AA.AA_4156_Test" />
		</classes>
	</test>

	<test name="Pre-Made Assessment - AA-4687" preserve-order="true">
		<classes>
			<class name="com.qait.QPv2.tests.AA.AA_4687_Test" />
		</classes>
	</test>

	<test name="Pre-Made Assessment - AA-4044 (Automation Stroy of AA-4001 bug)"
		preserve-order="true">
		<classes>
			<class name="com.qait.QPv2.tests.AA.AA_4044_Test" />
		</classes>
	</test>

</suite>
	