<?xml version="1.0" encoding="UTF-8"?>

<suite verbose="0" name="Qpv2_Sanity_Test" parallel="tests" thread-count="8">
	<parameter name="suiteType" value="Qpv2 Sanity Checklist Data Creation" />
	<parameter name="productID" value="30" />
	<parameter name="suiteID" value="2625" />

	<listeners>
		<listener class-name="com.qait.automation.report.CustomReport_Automation_New" />
	</listeners>

	<test name="Pre Made Assessment Sanity" preserve-order="true">
		<classes>
			<class name="com.qait.QPv2.sanity.Pre_Made_Sanity_Test" />
		</classes>
	</test>

	<test name="Instructor Created Quiz And Quiz Player Sanity" preserve-order="true">
		<classes>
			<class name="com.qait.QPv2.sanity.Instructor_Created_Quiz_Sanity" />
		</classes>
	</test>
	
</suite>