<?xml version="1.0" encoding="UTF-8"?>

<suite verbose="0" name="SmokeTest" parallel="tests" thread-count="8">
	<parameter name="book" value="morris2e" />

	<listeners>
		<listener class-name="com.qait.automation.report.CustomReport_Automation_New" />
	</listeners>

	<test name="AA-3047 - NativeQuestionEditor" preserve-order="true">
		<classes>
			<class name="com.qait.QPv2.tests.AA.AA_3047_Test" />
		</classes>
	</test>

	<test name="AA-3085 - NativeQuestionEditor" preserve-order="true">
		<classes>
			<class name="com.qait.QPv2.tests.AA.AA_3085_Test" />
		</classes>
	</test>

	<test name="AA-3059 - NativeQuestionEditor" preserve-order="true">
		<classes>
			<class name="com.qait.QPv2.tests.AA.AA_3059_Test" />
		</classes>
	</test>

	<test name="AA-3049 - NativeQuestionEditor" preserve-order="true">
		<classes>
			<class name="com.qait.QPv2.tests.AA.AA_3049_Test" />
		</classes>
	</test>

	<test name="AA-3050 - NativeQuestionEditor" preserve-order="true">
		<classes>
			<class name="com.qait.QPv2.tests.AA.AA_3050_Test" />
		</classes>
	</test>

	<test name="AA-3048 - NativeQuestionEditor" preserve-order="true">
		<classes>
			<class name="com.qait.QPv2.tests.AA.AA_3048_Test" />
		</classes>
	</test>

	<test name="AA-3681 - NativeQuestionEditor" preserve-order="true">
		<classes>
			<class name="com.qait.QPv2.tests.AA.AA_3681_Test" />
		</classes>
	</test>

	<test name="AA-3251 - QuestionPickerV2" preserve-order="true">
		<classes>
			<class name="com.qait.QPv2.tests.AA.AA_3251_Test" />
		</classes>
	</test>

	<test name="AA-3110 - QuestionPickerV2" preserve-order="true">
		<classes>
			<class name="com.qait.QPv2.tests.AA.AA_3110_Test" />
		</classes>
	</test>

	<test name="AA-4188 - PreMadeAssessment" preserve-order="true">
		<classes>
			<class name="com.qait.QPv2.tests.AA.AA_4188_Test" />
		</classes>
	</test>

	<test name="AA-3248 - QuestionPickerV2" preserve-order="true">
		<classes>
			<class name="com.qait.QPv2.tests.AA.AA_3248_Test" />
		</classes>
	</test>

	<test name="AA-1719 - QuestionPickerV2" preserve-order="true">
		<classes>
			<class name="com.qait.QPv2.tests.AA.AA_1719_Test" />
		</classes>
	</test>

	<test name="AA-2970 - QuestionPickerV2" preserve-order="true">
		<classes>
			<class name="com.qait.QPv2.tests.AA.AA_2970_Test" />
		</classes>
	</test>

	<test name="AA-3588 - QuestionPickerV2" preserve-order="true">
		<classes>
			<class name="com.qait.QPv2.tests.AA.AA_3588_Test" />
		</classes>
	</test>

	<test name="AA-3057 - QuestionPickerV2" preserve-order="true">
		<classes>
			<class name="com.qait.QPv2.tests.AA.AA_3057_Test" />
		</classes>
	</test>

	<test name="AA-3682 - QuestionPickerV2" preserve-order="true">
		<classes>
			<class name="com.qait.QPv2.tests.AA.AA_3682_Test" />
		</classes>
	</test>

	<test name="AA-3249 - QuestionPickerV2" preserve-order="true">
		<classes>
			<class name="com.qait.QPv2.tests.AA.AA_3249_Test" />
		</classes>
	</test>

	<test name="AA-4044 - PreMadeAssessment" preserve-order="true">
		<classes>
			<class name="com.qait.QPv2.tests.AA.AA_4044_Test" />
		</classes>
	</test>

	<test name="AA-4156 - PreMadeAssessment" preserve-order="true">
		<classes>
			<class name="com.qait.QPv2.tests.AA.AA_4156_Test" />
		</classes>
	</test>

	<test name="AA-3052 - PreMadeAssessment" preserve-order="true">
		<classes>
			<class name="com.qait.QPv2.tests.AA.AA_3052_Test" />
		</classes>
	</test>

	<test name="AA-3252 - NativeQuestionEditor" preserve-order="true">
		<classes>
			<class name="com.qait.QPv2.tests.AA.AA_3252_Test" />
		</classes>
	</test>

	<test name=" AA-3423 - NativeQuestionEditor" preserve-order="true">
		<classes>
			<class name="com.qait.QPv2.tests.AA.AA_3423_Test" />
		</classes>
	</test>

	<test name="AA-4426 - QuestionPool" preserve-order="true">
		<classes>
			<class name="com.qait.QPv2.tests.AA.AA_4426_Test" />
		</classes>
	</test>

	<test name="Quiz_Player_Test" preserve-order="true">
		<classes>
			<class name="com.qait.QPv2.tests.Quiz_Player_Test" />
		</classes>
	</test>

	<test name="AA-5216-5217 - QuestionPool" preserve-order="true">
		<classes>
			<class name="com.qait.QPv2.tests.AA.AA_5216_5217_Tests" />
		</classes>
	</test>

	<!-- <test name = " - Show_My_Questions_Test" preserve-order="true"> <classes> 
		<class name = "com.qait.QPv2.tests.Show_My_Questions_Test" /> </classes> 
		</test> -->

	<test name="Import_Questions AA-5139" preserve-order="true">
		<classes>
			<class name="com.qait.QPv2.tests.AA.AA_5139_Test" />
		</classes>
	</test>

	<test name="AA_4990 - SequencedQuestionPlayer" preserve-order="true">
		<classes>
			<class name="com.qait.QPv2.tests.AA_4990_Test" />
		</classes>
	</test>

	<test name="AA_5037 - AssignmentSetting" preserve-order="true">
		<classes>
			<class name="com.qait.QPv2.tests.AA.AA_5037_Test" />
		</classes>
	</test>

	<test name="AA-2590 - QuestionPickerVersion2" preserve-order="true">
		<classes>
			<class name="com.qait.QPv2.tests.AA.AA_2590_Test" />
		</classes>
	</test>

	<test name="AA_3054 - QuestionPickerVersion2" preserve-order="true">
		<classes>
			<class name="com.qait.QPv2.tests.AA.AA_3054_Test" />
		</classes>
	</test>

	<test name="AA_1734_1756_2712 - QuestionPickerVersion2"
		preserve-order="true">
		<classes>
			<class name="com.qait.QPv2.tests.AA.AA_1734_1756_2712_Tests" />
		</classes>
	</test>

	<test name="AA_5186_5189 - QuestionPickerVersion2" preserve-order="true">
		<classes>
			<class name="com.qait.QPv2.tests.AA.AA_5186_5189_Test" />
		</classes>
	</test>

	<test name="AA_5151_5153 - PreMadeAssessment" preserve-order="true">
		<classes>
			<class name="com.qait.QPv2.tests.AA.AA_5151_5153_Test" />
		</classes>
	</test>

	<test name="AA_5152_5155 - PreMadeAssessment" preserve-order="true">
		<classes>
			<class name="com.qait.QPv2.tests.AA.AA_5152_5155_Test" />
		</classes>
	</test>

	<test name="AA_5161_5166_Test - PreMadeAssessment" preserve-order="true">
		<classes>
			<class name="com.qait.QPv2.tests.AA.AA_5161_5166_Test" />
		</classes>
	</test>

	<test name="AA_5195_Test - QuestionPool" preserve-order="true">
		<classes>
			<class name="com.qait.QPv2.tests.AA.AA_5195_Test" />
		</classes>
	</test>

	<test name="AA_5196_Test - PreMadeAssessment" preserve-order="true">
		<classes>
			<class name="com.qait.QPv2.tests.AA.AA_5196_Test" />
		</classes>
	</test>
	<test name="Instructor Created Quiz QPv2" preserve-order="true">
		<classes>
			<class name="com.qait.QPv2.tests.Instructor_Created_Quiz_QPV2" />
		</classes>
	</test>

	<test name="Question Picker V2 with Question Pools"
		preserve-order="true">
		<classes>
			<class name="com.qait.QPv2.tests.Instructor_Created_Quiz_With_Pools" />
		</classes>
	</test>

	<test name="Native Question Editor" preserve-order="true">
		<classes>
			<class name="com.qait.QPv2.tests.Native_Question_Editor_smoke" />
		</classes>
	</test>

	<test name="Pre Made Instructor Flow" preserve-order="true">
		<classes>
			<class name="com.qait.QPv2.tests.PreMade_InstructorEnd_Smoke" />
		</classes>
	</test>

	<test name="Pre Made Preview as Student" preserve-order="true">
		<classes>
			<class name="com.qait.QPv2.tests.PreMade_Student_Preview_Smoke" />
		</classes>
	</test>

	<!-- FOLLOWING CLASSES ARE CREATED ACCORDING TO COMPONENT LEVEL WORKFLOWS -->

	<test name="Unassigned Quiz behaviour at student end"
		preserve-order="true">
		<classes>
			<class name="com.qait.QPv2.tests.Unassigned_Quiz_Behaviour_At_Student_End" />
		</classes>
	</test>

	<test name="Pre-Made Assessment Assign -TOC" preserve-order="true">
		<classes>
			<class name="com.qait.QPv2.tests.Pre_Made_Assessment_Assign_TOC" />
		</classes>
	</test>

	<test name="Pre-Made Assessment Assign - FnE" preserve-order="true">
		<classes>
			<class name="com.qait.QPv2.tests.Pre_Made_Assessment_Assign_FnE" />
		</classes>
	</test>

	<test name="Pre-Made Assessment Edit - TOC" preserve-order="true">
		<classes>
			<class name="com.qait.QPv2.tests.Pre_Made_Assessment_Edit_TOC" />
		</classes>
	</test>

	<test name="Pre-Made Assessment Edit - FnE" preserve-order="true">
		<classes>
			<class name="com.qait.QPv2.tests.Pre_Made_Assessment_Edit_FnE" />
		</classes>
	</test>

	<test name="Assigning chapter with Pre-Made Assessment"
		preserve-order="true">
		<classes>
			<class name="com.qait.QPv2.tests.Assign_Chapter_With_PreMade" />
		</classes>
	</test>

	<test name="Assigning subunit with Pre-Made Assessment"
		preserve-order="true">
		<classes>
			<class name="com.qait.QPv2.tests.Assign_SubUnit_With_PreMade" />
		</classes>
	</test>

	<test name="Pre-Made Assessment Move - From More options"
		preserve-order="true">
		<classes>
			<class name="com.qait.QPv2.tests.PreMade_Move_Via_More_options" />
		</classes>
	</test>

	<test name="Pre-Made Assessment Copy - TOC" preserve-order="true">
		<classes>
			<class name="com.qait.QPv2.tests.Pre_Made_Assessment_Copy_TOC" />
		</classes>
	</test>

	<test name="Pre-Made Assessment Add and Remove" preserve-order="true">
		<classes>
			<class name="com.qait.QPv2.tests.Pre_Made_Assessment_Add_Remove" />
		</classes>
	</test>

	<test name="Pre-Made Assessment Resources" preserve-order="true">
		<classes>
			<class name="com.qait.QPv2.tests.Pre_Made_Resource_Panel" />
		</classes>
	</test>

	<test name="Pre-Made Move Chapter via DragDrop" preserve-order="true">
		<classes>
			<class name="com.qait.QPv2.tests.Drag_Drog_Chapter_With_PreMade" />
		</classes>
	</test>

	<test name="Pre-Made Move via Drag Drop" preserve-order="true">
		<classes>
			<class name="com.qait.QPv2.tests.PreMade_Move_Via_Drag_Drop" />
		</classes>
	</test>

	<test name="Pre-Made Preview as student" preserve-order="true">
		<classes>
			<class name="com.qait.QPv2.tests.Pre_Made_Preview_as_student" />
		</classes>
	</test>

	<test name="Import MCQ" preserve-order="true">
		<classes>
			<class name="com.qait.QPv2.tests.Quiz_Import_MCQ_Test" />
		</classes>
	</test>

	<test name="Import Multiple Select" preserve-order="true">
		<classes>
			<class name="com.qait.QPv2.tests.Quiz_Import_Multiple_select_Test" />
		</classes>
	</test>
	
	<test name="QPv2 - Search Result Panel - Collapsed"
		preserve-order="true">
		<classes>
			<class
				name="com.qait.QPv2.tests.QPv2_Search_Result_Collapsed_State" />
		</classes>
	</test>

	<test name="QPv2 - Search Result Panel - Expanded" preserve-order="true">
		<classes>
			<class name="com.qait.QPv2.tests.QPv2_Search_Result_Expanded_State" />
		</classes>
	</test>
	
	<test name="QPv2- Review and Modify counter" preserve-order="true">
		<classes>
			<class name="com.qait.QPv2.tests.Quiz_Reivew_And_Modify_Counter" />
		</classes>
	</test>
	

</suite>