<?xml version="1.0" encoding="UTF-8"?>
<suite verbose="0" name="NotRelatedToQBA" parallel="tests"
	thread-count="8">

	<listeners>
		<listener class-name="com.qait.automation.report.CustomReport_Automation_New" />
	</listeners>


	<test
		name="How Life Works (HLW) - AA-1719 (Automation Story of AA-1437 User Story)"
		preserve-order="true">
		<classes>
			<class name="com.qait.QPv2.tests.AA.AA_1719_Test" />
		</classes>
	</test>

	<test
		name="How Life Works (HLW) - Automation Stories (AA-1734, AA-1756 and AA-2712)"
		preserve-order="true">
		<classes>
			<class name="com.qait.QPv2.tests.AA.AA_1734_1756_2712_Tests" />
		</classes>
	</test>

	<test
		name="How Life Works (HLW) - AA-2694 (Automation Story of AA-2405 User Story)"
		preserve-order="true">
		<classes>
			<class name="com.qait.QPv2.tests.AA.AA_2694_Test" />
		</classes>
	</test>

	<test
		name="How Life Works (HLW) - AA-2970 (Automation Story of AA-1411 User Story)"
		preserve-order="true">
		<classes>
			<class name="com.qait.QPv2.tests.AA.AA_2970_Test" />
		</classes>
	</test>

	<test
		name="How Life Works (HLW) - AA-3046 (Automation Story of AA-2253 User Story)"
		preserve-order="true">
		<classes>
			<class name="com.qait.QPv2.tests.AA.AA_3046_Test" />
		</classes>
	</test>

	<test
		name="How Life Works (HLW) - AA-3047 (Automation Story of AA-2251 User Story)"
		preserve-order="true">
		<classes>
			<class name="com.qait.QPv2.tests.AA.AA_3047_Test" />
		</classes>
	</test>

	<test
		name="How Life Works (HLW) - AA-3048 (Automation Story of AA-2250 User Story)"
		preserve-order="true">
		<classes>
			<class name="com.qait.QPv2.tests.AA.AA_3048_Test" />
		</classes>
	</test>

	<test
		name="How Life Works (HLW) - AA-3049 (Automation Story of AA-2249 User Story)"
		preserve-order="true">
		<classes>
			<class name="com.qait.QPv2.tests.AA.AA_3049_Test" />
		</classes>
	</test>

	<test
		name="How Life Works (HLW) - AA-3050 (Automation Story of AA-2248 User Story)"
		preserve-order="true">
		<classes>
			<class name="com.qait.QPv2.tests.AA.AA_3050_Test" />
		</classes>
	</test>


	<test
		name="How Life Works (HLW) - AA-3051 (Automation Story of AA-2213 User Story)"
		preserve-order="true">
		<classes>
			<class name="com.qait.QPv2.tests.AA.AA_3051_Test" />
		</classes>
	</test>


	<test
		name="How Life Works (HLW) - AA-3052 (Automation Story of AA-2683 User Story)"
		preserve-order="true">
		<classes>
			<class name="com.qait.QPv2.tests.AA.AA_3052_Test" />
		</classes>
	</test>


	<test
		name="How Life Works (HLW) - AA-3053 (Automation Story of AA-2660 User Story)"
		preserve-order="true">
		<classes>
			<class name="com.qait.QPv2.tests.AA.AA_3053_Test" />
		</classes>
	</test>


	<test
		name="How Life Works (HLW) - AA-3054 (Automation Story of AA-2628 User Story)"
		preserve-order="true">
		<classes>
			<class name="com.qait.QPv2.tests.AA.AA_3054_Test" />
		</classes>
	</test>


	<test
		name="How Life Works (HLW) - AA-3055 (Automation Story of AA-1586 User Story)"
		preserve-order="true">
		<classes>
			<class name="com.qait.QPv2.tests.AA.AA_3055_Test" />
		</classes>
	</test>


	<test
		name="How Life Works (HLW) - AA-3057 (Automation Story of AA-1330 User Story)"
		preserve-order="true">
		<classes>
			<class name="com.qait.QPv2.tests.AA.AA_3057_Test" />
		</classes>
	</test>

	<!-- In-Progress -->
	<test
		name="How Life Works (HLW) - AA-3058 (Automation Story of AA-1329 User Story)"
		preserve-order="true">
		<classes>
			<class name="com.qait.QPv2.tests.AA.AA_3058_Test" />
		</classes>
	</test>

	<test
		name="How Life Works (HLW) - AA-3059 (Automation Story of AA-1328 User Story)"
		preserve-order="true">
		<classes>
			<class name="com.qait.QPv2.tests.AA.AA_3059_Test" />
		</classes>
	</test>


	<test
		name="How Life Works (HLW) - AA-3085 (Automation Story of AA-1580 User Story)"
		preserve-order="true">
		<classes>
			<class name="com.qait.QPv2.tests.AA.AA_3085_Test" />
		</classes>
	</test>


	<test
		name="How Life Works (HLW) - AA-3110 (Automation Story of AA-2925 User Story)"
		preserve-order="true">
		<classes>
			<class name="com.qait.QPv2.tests.AA.AA_3110_Test" />
		</classes>
	</test>


	<test
		name="How Life Works (HLW) - AA-3246 (Automation Story of AA-3090 User Story)"
		preserve-order="true">
		<classes>
			<class name="com.qait.QPv2.tests.AA.AA_3246_Test" />
		</classes>
	</test>

	<test
		name="How Life Works (HLW) - AA-3248 (Automation Story of AA-1523 User Story)"
		preserve-order="true">
		<classes>
			<class name="com.qait.QPv2.tests.AA.AA_3248_Test" />
		</classes>
	</test>


	<test
		name="How Life Works (HLW) - AA-3249 (Automation Story of AA-1603 User Story)"
		preserve-order="true">
		<classes>
			<class name="com.qait.QPv2.tests.AA.AA_3249_Test" />
		</classes>
	</test>


	<test
		name="How Life Works (HLW) - AA-3250 (Automation Story of AA-2680 User Story)"
		preserve-order="true">
		<classes>
			<class name="com.qait.QPv2.tests.AA.AA_3250_Test" />
		</classes>
	</test>


	<test
		name="How Life Works (HLW) - AA-3251 (Automation Story of AA-2898 User Story)"
		preserve-order="true">
		<classes>
			<class name="com.qait.QPv2.tests.AA.AA_3251_Test" />
		</classes>
	</test>


	<test
		name="How Life Works (HLW) - AA-3252 (Automation Story of AA-2406 User Story)"
		preserve-order="true">
		<classes>
			<class name="com.qait.QPv2.tests.AA.AA_3252_Test" />
		</classes>
	</test>


	<test
		name="How Life Works (HLW) - AA-3423 (Automation Story of AA-2821 User Story)"
		preserve-order="true">
		<classes>
			<class name="com.qait.QPv2.tests.AA.AA_3423_Test" />
		</classes>
	</test>


	<test
		name="How Life Works (HLW) - AA-3588 (Automation Story of AA-2910 User Story)"
		preserve-order="true">
		<classes>
			<class name="com.qait.QPv2.tests.AA.AA_3588_Test" />
		</classes>
	</test>


	<test
		name="How Life Works (HLW) - AA-3681 (Automation Story of AA-2859 User Story)"
		preserve-order="true">
		<classes>
			<class name="com.qait.QPv2.tests.AA.AA_3681_Test" />
		</classes>
	</test>


	<test
		name="How Life Works (HLW) - AA-3682 (Automation Story of AA-3065 User Story)"
		preserve-order="true">
		<classes>
			<class name="com.qait.QPv2.tests.AA.AA_3682_Test" />
		</classes>
	</test>


	<test
		name="How Life Works (HLW) - AA-3683 (Automation Story of AA-3095 User Story)"
		preserve-order="true">
		<classes>
			<class name="com.qait.QPv2.tests.AA.AA_3683_Test" />
		</classes>
	</test>


	<test
		name="How Life Works (HLW) - AA-4044 (Automation Story of AA-4001 User Story)"
		preserve-order="true">
		<classes>
			<class name="com.qait.QPv2.tests.AA.AA_4044_Test" />
		</classes>
	</test>


	<test
		name="How Life Works (HLW) - AA-4156 (Automation Story of AA-3817 User Story)"
		preserve-order="true">
		<classes>
			<class name="com.qait.QPv2.tests.AA.AA_4156_Test" />
		</classes>
	</test>


	<test
		name="How Life Works (HLW) - AA-4188 (Automation Story of AA-3639 User Story)"
		preserve-order="true">
		<classes>
			<class name="com.qait.QPv2.tests.AA.AA_4188_Test" />
		</classes>
	</test>


	<test
		name="How Life Works (HLW) - AA-4426 (Automation Story of AA-3691 User Story)"
		preserve-order="true">
		<classes>
			<class name="com.qait.QPv2.tests.AA.AA_4426_Test" />
		</classes>
	</test>

	<test name="How Life Works (HLW) - AA_4752" preserve-order="true">
		<classes>
			<class name="com.qait.QPv2.tests.AA.AA_4752_Eon_Graphing_Feedback_Test" />
		</classes>
	</test>

	<test name="How Life Works (HLW) - AA_4990_Test" preserve-order="true">
		<classes>
			<class name="com.qait.QPv2.tests.AA_4990_Test" />
		</classes>
	</test>

	<test name="How Life Works (HLW) - AA-5028" preserve-order="true">
		<classes>
			<class name="com.qait.QPv2.tests.AA_5028_Test" />
		</classes>
	</test>

	<test name="How Life Works (HLW) - AA-5037" preserve-order="true">
		<classes>
			<class name="com.qait.QPv2.tests.AA.AA_5037_Test" />
		</classes>
	</test>

	<test name="How Life Works (HLW) - AA-5066" preserve-order="true">
		<classes>
			<class name="com.qait.QPv2.tests.AA.AA_5066_Test" />
		</classes>
	</test>

	<test name="How Life Works (HLW) - AA-5078" preserve-order="true">
		<classes>
			<class name="com.qait.QPv2.tests.AA.AA_5078_Test" />
		</classes>
	</test>

	<test name="How Life Works (HLW) - AA_5105" preserve-order="true">
		<classes>
			<class name="com.qait.QPv2.tests.AA.AA_5105_Test" />
		</classes>
	</test>

	<test
		name="How Life Works (HLW) - Import Questions from Review and Modify tab (AA_5139_Test)"
		preserve-order="true">
		<classes>
			<class name="com.qait.QPv2.tests.AA.AA_5139_Test" />
		</classes>
	</test>


	<test name="How Life Works (HLW) - AA_5151_5153_Test"
		preserve-order="true">
		<classes>
			<class name="com.qait.QPv2.tests.AA.AA_5151_5153_Test" />
		</classes>
	</test>

	<test name="How Life Works (HLW) - AA_5152_5155_Test"
		preserve-order="true">
		<classes>
			<class name="com.qait.QPv2.tests.AA.AA_5152_5155_Test" />
		</classes>
	</test>


	<test name="How Life Works (HLW) - Question Pools" preserve-order="true">
		<classes>
			<class name="com.qait.QPv2.tests.Question_Pool_Test" />
		</classes>
	</test>


	<test name="How Life Works (HLW) - Quiz Player" preserve-order="true">
		<classes>
			<class name="com.qait.QPv2.tests.Quiz_Player_Test" />
		</classes>
	</test>


	<test name="How Life Works (HLW) - Remove and Add Pre-Build Quiz"
		preserve-order="true">
		<classes>
			<class name="com.qait.QPv2.tests.Remove_And_Add_Back_PreBuilt_Quiz_Test" />
		</classes>
	</test>


	<test name="How Life Works (HLW) - Show My Questions"
		preserve-order="true">
		<classes>
			<class name="com.qait.QPv2.tests.Show_My_Quiz_Questions" />
		</classes>
	</test>


</suite>
