<?xml version="1.0" encoding="UTF-8"?>
<suite verbose="0" name="Workflows" parallel="tests" thread-count="8">
	<parameter name="book" value="morris2e" />
	<parameter name="suiteType" value="QPv2 Regression Suite - Prioritized" />
	<parameter name="productID" value="30" />
	<parameter name="suiteID" value="7985" />

	<listeners>
		<listener class-name="com.qait.automation.report.CustomReport_Automation_New" />
	</listeners>

	<test name="Unassigned_Quiz_Behaviour_At_Student_End"
		preserve-order="true">
		<classes>
			<class name="com.qait.QPv2.workflows.Unassigned_Quiz_Behaviour_At_Student_End" />
		</classes>
	</test>

	<test name="Sequenced_Question_Quiz" preserve-order="true">
		<classes>
			<class name="com.qait.QPv2.workflows.Sequenced_Question_Quiz" />
		</classes>
	</test>

	<test name="Quiz - Import questions - Multiple Select"
		preserve-order="true">
		<classes>
			<class name="com.qait.QPv2.workflows.Quiz_Import_Multiple_select_Test" />
		</classes>
	</test>

	<test name="Quiz - Import questions - MCQ" preserve-order="true">
		<classes>
			<class name="com.qait.QPv2.workflows.Quiz_Import_MCQ_Test" />
		</classes>
	</test>

	<test name="Quiz - Quiz consisting pools" preserve-order="true">
		<classes>
			<class name="com.qait.QPv2.workflows.Quiz_Consist_Pool" />
		</classes>
	</test>



	<test name="QPv2- QPv2_Search_Result_Expanded_State_Morris2e"
		preserve-order="true">
		<classes>
			<class name="com.qait.QPv2.workflows.QPv2_Search_Result_Expanded_State_Morris2e" />
		</classes>
	</test>

	<test name="QPv2- QPv2_Search_Result_Collapsed_State_Morris2e"
		preserve-order="true">
		<classes>
			<class name="com.qait.QPv2.workflows.QPv2_Search_Result_Collapsed_State_Morris2e" />
		</classes>
	</test>

	<test name="QPv2- Review And Modify - Page verifications"
		preserve-order="true">
		<classes>
			<class name="com.qait.QPv2.workflows.QPv2_Review_And_Modify" />
		</classes>
	</test>

	<test name="QPv2- Review And Modify -Show-hide Feedback functionality"
		preserve-order="true">
		<classes>
			<class
				name="com.qait.QPv2.workflows.QPv2_Review_And_Modify__ShowFeedbackFunctionality" />
		</classes>
	</test>


	<test name="QPv2- Review And Modify Counter" preserve-order="true">
		<classes>
			<class name="com.qait.QPv2.workflows.QPv2_Quiz_Reivew_And_Modify_Counter" />
		</classes>
	</test>


	<test name="QPv2- Search Questions - Question Preview Panel"
		preserve-order="true">
		<classes>
			<class name="com.qait.QPv2.workflows.QPv2_Question_Preview_Panel" />
		</classes>
	</test>



	<test name="QPv2- Search Questions - Facet Search Panel"
		preserve-order="true">
		<classes>
			<class name="com.qait.QPv2.workflows.QPv2_Facet_Search_Panel" />
		</classes>
	</test>



	<test name="QPv2- Assignment Settings - Score Attempt - Average"
		preserve-order="true">
		<classes>
			<class
				name="com.qait.QPv2.workflows.AssignmentSettings_Quiz_ScoreAttempt_Average" />
		</classes>
	</test>



	<test name="QPv2- Assignment Settings - Hide from student"
		preserve-order="true">
		<classes>
			<class name="com.qait.QPv2.workflows.AssignmentSettings_HideFromStudent_Flow" />
		</classes>
	</test>
	
	<test name="QPv2- Essay"
		preserve-order="true">
		<classes>
			<class name="com.qait.QPv2.workflows.Essay" />
		</classes>
	</test>
	
	<test name="QPv2_Quiz_With_Passcode" preserve-order="true">
		<classes>
			<class name="com.qait.QPv2.workflows.QPv2_Quiz_With_Passcode" />
		</classes>
	</test>
	
	
<!-- 
	<test name="Pre-Made Assessment Add and Remove" preserve-order="true">
		<classes>
			<class name="com.qait.QPv2.workflows.Pre_Made_Assessment_Add_Remove" />
		</classes>
	</test>

	<test name="Pre-Made Assessment Assign -TOC" preserve-order="true">
		<classes>
			<class name="com.qait.QPv2.workflows.Pre_Made_Assessment_Assign_TOC" />
		</classes>
	</test>

	<test name="Pre-Made Assessment Assign - FnE" preserve-order="true">
		<classes>
			<class name="com.qait.QPv2.workflows.Pre_Made_Assessment_Assign_FnE" />
		</classes>
	</test>

	<test name="Pre-Made Assessment Edit - TOC" preserve-order="true">
		<classes>
			<class name="com.qait.QPv2.workflows.Pre_Made_Assessment_Edit_TOC" />
		</classes>
	</test>

	<test name="Pre-Made Assessment Edit - FnE" preserve-order="true">
		<classes>
			<class name="com.qait.QPv2.workflows.Pre_Made_Assessment_Edit_FnE" />
		</classes>
	</test>

	<test name="Assigning chapter with Pre-Made Assessment"
		preserve-order="true">
		<classes>
			<class name="com.qait.QPv2.workflows.Assign_Chapter_With_PreMade" />
		</classes>
	</test>

	<test name="Assigning subunit with Pre-Made Assessment"
		preserve-order="true">
		<classes>
			<class name="com.qait.QPv2.workflows.Assign_SubUnit_With_PreMade" />
		</classes>
	</test>

	<test name="Pre-Made Assessment Move - From More options"
		preserve-order="true">
		<classes>
			<class name="com.qait.QPv2.workflows.PreMade_Move_Via_More_options" />
		</classes>
	</test>

	<test name="Pre-Made Assessment Copy - TOC" preserve-order="true">
		<classes>
			<class name="com.qait.QPv2.workflows.Pre_Made_Assessment_Copy_TOC" />
		</classes>
	</test>

	<test name="Pre-Made Assessment Resources" preserve-order="true">
		<classes>
			<class name="com.qait.QPv2.workflows.Pre_Made_Resource_Panel" />
		</classes>
	</test>
	

	<test name="Instructor Created Quiz QPv2" preserve-order="true">

		<classes>
			<class name="com.qait.QPv2.workflows.Quiz_Reivew_And_Modify_Counter" />
		</classes>
	</test>


	<test name="TC_1-15__Quiz_Search_Question_And_ReviewAndModify_Test"
		preserve-order="true">

		<classes>
			<class
				name="com.qait.QPv2.workflows.Quiz_Search_Question_And_ReviewAndModify_Test" />
		</classes>
	</test>

	<test
		name="TC_16-26__Quiz - search question Review modify - UI and Functional"
		preserve-order="true">
		<classes>
			<class name="com.qait.QPv2.workflows.Quiz_Search_Question_And_Review_Modify_2" />
		</classes>
	</test>

	<test name="Pre-Made Assessment Move - Drag And Drop"
		preserve-order="true">
		<classes>
			<class name="com.qait.QPv2.workflows.PreMade_Move_Via_Drag_Drop" />
		</classes>
	</test>

	<test name="Pre- Made Assessment Preview as student"
		preserve-order="true">
		<classes>
			<class name="com.qait.QPv2.workflows.Pre_Made_Preview_as_student" />
		</classes>
	</test>  -->

</suite>