<?xml version="1.0" encoding="UTF-8"?>
<suite verbose="0" name="How Life Works (HLW) Selenium Automated Tests"
	parallel="tests" thread-count="1">

	<listeners>
		<listener class-name="com.qait.automation.report.CustomReport_Automation" />
	</listeners>

	<test
		name="How Life Works (HLW) - Automation Stories (AA-1731, AA-1755 and AA-2693)"
		preserve-order="true">
		<classes>
			<class name="com.qait.QPv2.tests.AA.AA_1731_1755_2693_Tests" />
		</classes>
	</test>

	<test
		name="How Life Works (HLW) - Automation Stories (AA-1752, AA-1753, AA-1754 and AA-2962)"
		preserve-order="true">
		<classes>
			<class name="com.qait.howlifeworks.tests.AA_1752_1753_1754_2962_Tests" />
		</classes>
	</test>

	<test
		name="How Life Works (HLW) - Automation Stories (AA-2319, AA-2725 and AA-2726)"
		preserve-order="true">
		<classes>
			<class name="com.qait.howlifeworks.tests.AA_2319_2725_2726_Tests" />
		</classes>
	</test>


	<test name="How Life Works (HLW) - Automation Stories (AA-2521 and AA-2681)"
		preserve-order="true">
		<classes>
			<class name="com.qait.howlifeworks.tests.AA_2521_2681_Tests" />
		</classes>
	</test>


	<test
		name="How Life Works (HLW) - AA-2590 (Automation Story of AA-1434 User Story)"
		preserve-order="true">
		<classes>
			<class name="com.qait.howlifeworks.tests.AA_2590_Test" />
		</classes>
	</test>

	<test
		name="How Life Works (HLW) - AA-2638 (Automation Story of AA-1435 User Story)"
		preserve-order="true">
		<classes>
			<class name="com.qait.howlifeworks.tests.AA_2638_Test" />
		</classes>
	</test>


	<test
		name="How Life Works (HLW) - AA-2692 (Automation Story of AA-2079 User Story)"
		preserve-order="true">
		<classes>
			<class name="com.qait.howlifeworks.tests.AA_2692_Test" />
		</classes>
	</test>

	<test
		name="How Life Works (HLW) - AA-2965 (Automation Story of AA-1579 User Story)"
		preserve-order="true">
		<classes>
			<class name="com.qait.howlifeworks.tests.AA_2965_Test" />
		</classes>
	</test>


	<test
		name="How Life Works (HLW) - AA-2970 (Automation Story of AA-1411 User Story)"
		preserve-order="true">
		<classes>
			<class name="com.qait.howlifeworks.tests.AA_2970_Test" />
		</classes>
	</test>

	<test
		name="How Life Works (HLW) - AA-2971 (Automation Story of AA-1640 User Story)"
		preserve-order="true">
		<classes>
			<class name="com.qait.howlifeworks.tests.AA_2971_Test" />
		</classes>
	</test>

	<test
		name="How Life Works (HLW) - AA-2972 (Automation Story of AA-1949 User Story)"
		preserve-order="true">
		<classes>
			<class name="com.qait.howlifeworks.tests.AA_2972_Test" />
		</classes>
	</test>

	<test
		name="How Life Works (HLW) - AA-2973 (Automation Story of AA-1950 User Story)"
		preserve-order="true">
		<classes>
			<class name="com.qait.howlifeworks.tests.AA_2973_Test" />
		</classes>
	</test>

	<test
		name="How Life Works (HLW) - Automation Stories (AA-2974, AA-2975 and AA-2976)"
		preserve-order="true">
		<classes>
			<class name="com.qait.howlifeworks.tests.AA_2974_2975_2976_Tests" />
		</classes>
	</test>

	<test
		name="How Life Works (HLW) - AA-2977 (Automation Story of AA-2398 User Story)"
		preserve-order="true">
		<classes>
			<class name="com.qait.howlifeworks.tests.AA_2977_Test" />
		</classes>
	</test>

	<test
		name="How Life Works (HLW) - AA-2978 (Automation Story of AA-2433 User Story)"
		preserve-order="true">
		<classes>
			<class name="com.qait.howlifeworks.tests.AA_2978_Test" />
		</classes>
	</test>

	<test
		name="How Life Works (HLW) - AA-3043 (Automation Story of AA-2691 Bug)"
		preserve-order="true">
		<classes>
			<class name="com.qait.howlifeworks.tests.AA_3043_Test" />
		</classes>
	</test>

</suite>
