<?xml version="1.0" encoding="UTF-8"?>

<suite verbose="0" name="Qpv2_NewWorkFlows" parallel="tests"
	thread-count="1">

	<listeners>
		<listener class-name="com.qait.automation.report.CustomReport_Automation_New" />
	</listeners>

	<test name="Quiz - Quiz Unassigned Quiz behaviour at student end"
		preserve-order="true">
		<classes>
			<class name="com.qait.QPv2.tests.Unassigned_Quiz_Behaviour_At_Student_End" />
		</classes>
	</test>

	<test name="QPv2 - Reivew  and Modify counter" preserve-order="true">
		<classes>
			<class name="com.qait.QPv2.tests.QPv2_Quiz_Reivew_And_Modify_Counter.java" />
		</classes>
	</test>

	<test name="QPv2 - Search Result Panel - Collapsed"
		preserve-order="true">
		<classes>
			<class
				name="com.qait.QPv2.tests.QPv2_Search_Result_Collapsed_State" />
		</classes>
	</test>

	<test name="QPv2 - Search Result Panel - Expanded" preserve-order="true">
		<classes>
			<class name="com.qait.QPv2.tests.QPv2_Search_Result_Expanded_State" />
		</classes>
	</test>

	<test name="QPv2 - Question Preview Panel " preserve-order="true">
		<classes>
			<class name="com.qait.QPv2.tests.QPv2_Question_Preview_Panel" />
		</classes>
	</test>

	<test name="QPv2 - Facte Search Panel " preserve-order="true">
		<classes>
			<class name="com.qait.QPv2.tests.QPv2_Facet_Search_Panel" />
		</classes>
	</test>
	
	<test name="QPv2 -RnM - feedback Functionality " preserve-order="true">
		<classes>
			<class name="com.qait.QPv2.tests.QPv2_Review_And_Modify__ShowFeedbackFunctionality" />
		</classes>
	</test>
	
	<test name="QPv2 -RnM tab " preserve-order="true">
		<classes>
			<class name="com.qait.QPv2.tests.QPv2_Review_And_Modify" />
		</classes>
	</test>

</suite>