<?xml version="1.0" encoding="UTF-8"?>
<suite verbose="0" name="SmokeTestNew" parallel="tests" thread-count="8">
		<parameter name="suiteType" value="QPv2 Smoke Test Suite Test Rail" />
		<parameter name="productID" value="30" />
		<parameter name="suiteID" value="1930" />
	
	<listeners>
		<listener class-name="com.qait.automation.report.CustomReport_Automation_New" />
	</listeners>

	<test name="Pre Made Instructor end" preserve-order="true">
		<classes>
			<class name="com.qait.QPv2.Smoke.PreMade_InstructorEnd_Smoke" />
		</classes>
	</test>
	
	<test name="Pre Made Student flow" preserve-order="true">
		<classes>
			<class name="com.qait.QPv2.Smoke.PreMade_Student_Flow_Smoke" />
		</classes>
	</test>
	
	<test name="Pre Made Preview as student" preserve-order="true">
		<classes>
			<class name="com.qait.QPv2.Smoke.PreMade_Student_Preview_Smoke" />
		</classes>
	</test>
	
	<test name="Instructor Created Quiz - QPv2" preserve-order="true">
		<classes>
			<class name="com.qait.QPv2.Smoke.Instructor_Created_Quiz_QPV2" />
		</classes>
	</test>
	
	<test name="Question Pool in quiz" preserve-order="true">
		<classes>
			<class name="com.qait.QPv2.Smoke.Instructor_Created_Quiz_With_Pools" />
		</classes>
	</test>
	
	<test name="Native Question Editor" preserve-order="true">
		<classes>
			<class name="com.qait.QPv2.Smoke.Native_Question_Editor_smoke" />
		</classes>
	</test>
	
	<test name="Default settings and player" preserve-order="true">
		<classes>
			<class name="com.qait.QPv2.Smoke.Default_Assignment_Setting" />
		</classes>
	</test>
	
	<test name="Timer and No Save Continue" preserve-order="true">
		<classes>
			<class name="com.qait.QPv2.Smoke.Timer_And_No_Save_Setting" />
		</classes>
	</test>
	
	<test name="Passcode And Player" preserve-order="true">
		<classes>
			<class name="com.qait.QPv2.Smoke.Passcode_And_Player" />
		</classes>
	</test>
	
	<test name="Sequenced question smoke" preserve-order="true">
		<classes>
			<class name="com.qait.QPv2.Smoke.Smoke_Sequenced_Question_Quiz" />
		</classes>
	</test>
	
</suite>