<?xml version="1.0" encoding="UTF-8"?>
<suite verbose="0" name="EndToEnd" parallel="tests" thread-count="8">

	<listeners>
		<listener class-name="com.qait.automation.report.CustomReport_Automation_New" />
	</listeners>

	<test
		name="How Life Works (HLW) - Automation Stories (AA-1731, AA-1755 and AA-2693)"
		preserve-order="true">
		<classes>
			<class name="com.qait.QPv2.tests.AA.AA_1731_1755_2693_Tests" />
		</classes>
	</test>

	<test
		name="How Life Works (HLW) - Automation Stories (AA-1752, AA-1753, AA-1754 and AA-2962)"
		preserve-order="true">
		<classes>
			<class name="com.qait.QPv2.tests.AA.AA_1752_1753_1754_2962_Tests" />
		</classes>
	</test>


	<test
		name="How Life Works (HLW) - Automation Stories (AA-2319, AA-2725 and AA-2726)"
		preserve-order="true">
		<classes>
			<class name="com.qait.QPv2.tests.AA.AA_2319_2725_2726_Tests" />
		</classes>
	</test>


	<test name="How Life Works (HLW) - Automation Stories (AA-2521 and AA-2681)"
		preserve-order="true">
		<classes>
			<class name="com.qait.QPv2.tests.AA.AA_2521_2681_Tests" />
		</classes>
	</test>

	<test
		name="How Life Works (HLW) - AA-2638 (Automation Story of AA-1435 User Story)"
		preserve-order="true">
		<classes>
			<class name="com.qait.QPv2.tests.AA.AA_2638_Test" />
		</classes>
	</test>

	<test
		name="How Life Works (HLW) - AA-3053 (Automation Story of AA-2660 User Story)"
		preserve-order="true">
		<classes>
			<class name="com.qait.QPv2.tests.AA.AA_3053_Test" />
		</classes>
	</test>


	<test
		name="How Life Works (HLW) - AA-3055 (Automation Story of AA-1586 User Story)"
		preserve-order="true">
		<classes>
			<class name="com.qait.QPv2.tests.AA.AA_3055_Test" />
		</classes>
	</test>

	<test
		name="How Life Works (HLW) - AA-2692 (Automation Story of AA-2079 User Story)"
		preserve-order="true">
		<classes>
			<class name="com.qait.QPv2.tests.AA.AA_2692_Test" />
		</classes>
	</test>


	<test
		name="How Life Works (HLW) - AA-2694 (Automation Story of AA-2405 User Story)"
		preserve-order="true">
		<classes>
			<class name="com.qait.QPv2.tests.AA.AA_2694_Test" />
		</classes>
	</test>


	<test
		name="How Life Works (HLW) - AA-3051 (Automation Story of AA-2213 User Story)"
		preserve-order="true">
		<classes>
			<class name="com.qait.QPv2.tests.AA.AA_3051_Test" />
		</classes>
	</test>

	<test
		name="How Life Works (HLW) - AA-2965 (Automation Story of AA-1579 User Story)"
		preserve-order="true">
		<classes>
			<class name="com.qait.QPv2.tests.AA.AA_2965_Test" />
		</classes>
	</test>

	<test
		name="How Life Works (HLW) - AA-2971 (Automation Story of AA-1640 User Story)"
		preserve-order="true">
		<classes>
			<class name="com.qait.QPv2.tests.AA.AA_2971_Test" />
		</classes>
	</test>


	<test
		name="How Life Works (HLW) - AA-2972 (Automation Story of AA-1949 User Story)"
		preserve-order="true">
		<classes>
			<class name="com.qait.QPv2.tests.AA.AA_2972_Test" />
		</classes>
	</test>


	<test
		name="How Life Works (HLW) - AA-2973 (Automation Story of AA-1950 User Story)"
		preserve-order="true">
		<classes>
			<class name="com.qait.QPv2.tests.AA.AA_2973_Test" />
		</classes>
	</test>


	<test
		name="How Life Works (HLW) - Automation Stories (AA-2974, AA-2975 and AA-2976)"
		preserve-order="true">
		<classes>
			<class name="com.qait.QPv2.tests.AA.AA_2974_2975_2976_Tests" />
		</classes>
	</test>


	<test
		name="How Life Works (HLW) - AA-2977 (Automation Story of AA-2398 User Story)"
		preserve-order="true">
		<classes>
			<class name="com.qait.QPv2.tests.AA.AA_2977_Test" />
		</classes>
	</test>


	<test
		name="How Life Works (HLW) - AA-2978 (Automation Story of AA-2433 User Story)"
		preserve-order="true">
		<classes>
			<class name="com.qait.QPv2.tests.AA.AA_2978_Test" />
		</classes>
	</test>


	<test
		name="How Life Works (HLW) - AA-3043 (Automation Story of AA-2691 Bug)"
		preserve-order="true">
		<classes>
			<class name="com.qait.QPv2.tests.AA.AA_3043_Test" />
		</classes>
	</test>


	<test
		name="How Life Works (HLW) - AA-3046 (Automation Story of AA-2253 User Story)"
		preserve-order="true">
		<classes>
			<class name="com.qait.QPv2.tests.AA.AA_3046_Test" />
		</classes>
	</test>

	<!-- In-Progress -->
	<test
		name="How Life Works (HLW) - AA-3058 (Automation Story of AA-1329 User Story)"
		preserve-order="true">
		<classes>
			<class name="com.qait.QPv2.tests.AA.AA_3058_Test" />
		</classes>
	</test>

	<test
		name="How Life Works (HLW) - AA-3246 (Automation Story of AA-3090 User Story)"
		preserve-order="true">
		<classes>
			<class name="com.qait.QPv2.tests.AA.AA_3246_Test" />
		</classes>
	</test>

	<test
		name="How Life Works (HLW) - AA-3250 (Automation Story of AA-2680 User Story)"
		preserve-order="true">
		<classes>
			<class name="com.qait.QPv2.tests.AA.AA_3250_Test" />
		</classes>
	</test>

	<test
		name="How Life Works (HLW) - AA-3683 (Automation Story of AA-3095 User Story)"
		preserve-order="true">
		<classes>
			<class name="com.qait.QPv2.tests.AA.AA_3683_Test" />
		</classes>
	</test>

	<test name="How Life Works (HLW) - AA_4752" preserve-order="true">
		<classes>
			<class name="com.qait.QPv2.tests.AA.AA_4752_Eon_Graphing_Feedback_Test" />
		</classes>
	</test>


	<test name="How Life Works (HLW) - AA-5028" preserve-order="true">
		<classes>
			<class name="com.qait.QPv2.tests.AA_5028_Test" />
		</classes>
	</test>

	<test name="How Life Works (HLW) - AA-5066" preserve-order="true">
		<classes>
			<class name="com.qait.QPv2.tests.AA.AA_5066_Test" />
		</classes>
	</test>

	<test name="How Life Works (HLW) - AA-5078" preserve-order="true">
		<classes>
			<class name="com.qait.QPv2.tests.AA.AA_5078_Test" />
		</classes>
	</test>


	<test name="How Life Works (HLW) - AA_5105" preserve-order="true">
		<classes>
			<class name="com.qait.QPv2.tests.AA.AA_5105_Test" />
		</classes>
	</test>

	<test name="How Life Works (HLW) - AA_4121_Test" preserve-order="true">
		<classes>
			<class name="com.qait.QPv2.tests.AA.AA_4121_Test" />
		</classes>
	</test>

	<test name="How Life Works (HLW) - AA_4045_Test" preserve-order="true">
		<classes>
			<class name="com.qait.QPv2.tests.AA.AA_4045_Test" />
		</classes>
	</test>

	<test name="How Life Works (HLW) - AA_4306_Test" preserve-order="true">
		<classes>
			<class name="com.qait.QPv2.tests.AA.AA_4306_Test" />
		</classes>
	</test>

	<test
		name="How Life Works (HLW) - AA_5168_Test (Automation Story of AA-1001 User Story)"
		preserve-order="true">
		<classes>
			<class name="com.qait.QPv2.tests.AA.AA_5168_Test" />
		</classes>
	</test>

	<!-- FOLLOWING CLASSES ARE CREATED ACCORDING TO COMPONENT LEVEL WORKFLOWS -->

	<test name="Unassigned Quiz behaviour at student end"
		preserve-order="true">
		<classes>
			<class name="com.qait.QPv2.tests.Unassigned_Quiz_Behaviour_At_Student_End" />
		</classes>
	</test>

	<test name="Pre-Made Assessment Assign -TOC" preserve-order="true">
		<classes>
			<class name="com.qait.QPv2.tests.Pre_Made_Assessment_Assign_TOC" />
		</classes>
	</test>

	<test name="Pre-Made Assessment Assign - FnE" preserve-order="true">
		<classes>
			<class name="com.qait.QPv2.tests.Pre_Made_Assessment_Assign_FnE" />
		</classes>
	</test>

	<test name="Pre-Made Assessment Edit - TOC" preserve-order="true">
		<classes>
			<class name="com.qait.QPv2.tests.Pre_Made_Assessment_Edit_TOC" />
		</classes>
	</test>

	<test name="Pre-Made Assessment Edit - FnE" preserve-order="true">
		<classes>
			<class name="com.qait.QPv2.tests.Pre_Made_Assessment_Edit_FnE" />
		</classes>
	</test>

	<test name="Assigning chapter with Pre-Made Assessment"
		preserve-order="true">
		<classes>
			<class name="com.qait.QPv2.tests.Assign_Chapter_With_PreMade" />
		</classes>
	</test>

	<test name="Assigning subunit with Pre-Made Assessment"
		preserve-order="true">
		<classes>
			<class name="com.qait.QPv2.tests.Assign_SubUnit_With_PreMade" />
		</classes>
	</test>

	<test name="Pre-Made Assessment Move - From More options"
		preserve-order="true">
		<classes>
			<class name="com.qait.QPv2.tests.PreMade_Move_Via_More_options" />
		</classes>
	</test>

	<test name="Pre-Made Assessment Copy - TOC" preserve-order="true">
		<classes>
			<class name="com.qait.QPv2.tests.Pre_Made_Assessment_Copy_TOC" />
		</classes>
	</test>

	<test name="Pre-Made Assessment Add and Remove" preserve-order="true">
		<classes>
			<class name="com.qait.QPv2.tests.Pre_Made_Assessment_Add_Remove" />
		</classes>
	</test>

	<test name="Pre-Made Assessment Resources" preserve-order="true">
		<classes>
			<class name="com.qait.QPv2.tests.Pre_Made_Resource_Panel" />
		</classes>
	</test>

	<test name="Pre-Made Move Chapter via DragDrop" preserve-order="true">
		<classes>
			<class name="com.qait.QPv2.tests.Drag_Drog_Chapter_With_PreMade" />
		</classes>
	</test>

	<test name="Pre-Made Move via Drag Drop" preserve-order="true">
		<classes>
			<class name="com.qait.QPv2.tests.PreMade_Move_Via_Drag_Drop" />
		</classes>
	</test>

	<test name="Pre-Made Preview as student" preserve-order="true">
		<classes>
			<class name="com.qait.QPv2.tests.Pre_Made_Preview_as_student" />
		</classes>
	</test>

	<test name="Import MCQ" preserve-order="true">
		<classes>
			<class name="com.qait.QPv2.tests.Quiz_Import_MCQ_Test" />
		</classes>
	</test>

	<test name="Import Multiple Select" preserve-order="true">
		<classes>
			<class name="com.qait.QPv2.tests.Quiz_Import_Multiple_Select_Test" />
		</classes>
	</test>

	<!-- FOLLOWING CLASSES ARE AVAILABLE IN QPv2_SmokeChecklist.xml -->

	<test
		name="How Life Works (HLW) - AA-1719 (Automation Story of AA-1437 User Story)"
		preserve-order="true">
		<classes>
			<class name="com.qait.QPv2.tests.AA.AA_1719_Test" />
		</classes>
	</test>

	<test name="AA-5216-5217 (QuestionPool)" preserve-order="true">
		<classes>
			<class name="com.qait.QPv2.tests.AA.AA_5216_5217_Tests" />
		</classes>
	</test>


	<test
		name="How Life Works (HLW) - Automation Stories (AA-1734, AA-1756 and AA-2712)"
		preserve-order="true">
		<classes>
			<class name="com.qait.QPv2.tests.AA.AA_1734_1756_2712_Tests" />
		</classes>
	</test>

	<test
		name="How Life Works (HLW) - AA-2590 (Automation Story of AA-1434 User Story)"
		preserve-order="true">
		<classes>
			<class name="com.qait.QPv2.tests.AA.AA_2590_Test" />
		</classes>
	</test>

	<test
		name="How Life Works (HLW) - AA-2970 (Automation Story of AA-1411 User Story)"
		preserve-order="true">
		<classes>
			<class name="com.qait.QPv2.tests.AA.AA_2970_Test" />
		</classes>
	</test>


	<test
		name="How Life Works (HLW) - AA-3047 (Automation Story of AA-2251 User Story)"
		preserve-order="true">
		<classes>
			<class name="com.qait.QPv2.tests.AA.AA_3047_Test" />
		</classes>
	</test>

	<test
		name="How Life Works (HLW) - AA-3048 (Automation Story of AA-2250 User Story)"
		preserve-order="true">
		<classes>
			<class name="com.qait.QPv2.tests.AA.AA_3048_Test" />
		</classes>
	</test>

	<test
		name="How Life Works (HLW) - AA-3049 (Automation Story of AA-2249 User Story)"
		preserve-order="true">
		<classes>
			<class name="com.qait.QPv2.tests.AA.AA_3049_Test" />
		</classes>
	</test>

	<test
		name="How Life Works (HLW) - AA-3050 (Automation Story of AA-2248 User Story)"
		preserve-order="true">
		<classes>
			<class name="com.qait.QPv2.tests.AA.AA_3050_Test" />
		</classes>
	</test>

	<test
		name="How Life Works (HLW) - AA-3052 (Automation Story of AA-2683 User Story)"
		preserve-order="true">
		<classes>
			<class name="com.qait.QPv2.tests.AA.AA_3052_Test" />
		</classes>
	</test>


	<test
		name="How Life Works (HLW) - AA-3054 (Automation Story of AA-2628 User Story)"
		preserve-order="true">
		<classes>
			<class name="com.qait.QPv2.tests.AA.AA_3054_Test" />
		</classes>
	</test>

	<test
		name="How Life Works (HLW) - AA-3057 (Automation Story of AA-1330 User Story)"
		preserve-order="true">
		<classes>
			<class name="com.qait.QPv2.tests.AA.AA_3057_Test" />
		</classes>
	</test>


	<test
		name="How Life Works (HLW) - AA-3059 (Automation Story of AA-1328 User Story)"
		preserve-order="true">
		<classes>
			<class name="com.qait.QPv2.tests.AA.AA_3059_Test" />
		</classes>
	</test>


	<test
		name="How Life Works (HLW) - AA-3085 (Automation Story of AA-1580 User Story)"
		preserve-order="true">
		<classes>
			<class name="com.qait.QPv2.tests.AA.AA_3085_Test" />
		</classes>
	</test>


	<test
		name="How Life Works (HLW) - AA-3110 (Automation Story of AA-2925 User Story)"
		preserve-order="true">
		<classes>
			<class name="com.qait.QPv2.tests.AA.AA_3110_Test" />
		</classes>
	</test>

	<test
		name="How Life Works (HLW) - AA-3248 (Automation Story of AA-1523 User Story)"
		preserve-order="true">
		<classes>
			<class name="com.qait.QPv2.tests.AA.AA_3248_Test" />
		</classes>
	</test>

	<test
		name="How Life Works (HLW) - AA-3249 (Automation Story of AA-1603 User Story)"
		preserve-order="true">
		<classes>
			<class name="com.qait.QPv2.tests.AA.AA_3249_Test" />
		</classes>
	</test>

	<test
		name="How Life Works (HLW) - AA-3251 (Automation Story of AA-2898 User Story)"
		preserve-order="true">
		<classes>
			<class name="com.qait.QPv2.tests.AA.AA_3251_Test" />
		</classes>
	</test>

	<test
		name="How Life Works (HLW) - AA-3252 (Automation Story of AA-2406 User Story)"
		preserve-order="true">
		<classes>
			<class name="com.qait.QPv2.tests.AA.AA_3252_Test" />
		</classes>
	</test>


	<test
		name="How Life Works (HLW) - AA-3423 (Automation Story of AA-2821 User Story)"
		preserve-order="true">
		<classes>
			<class name="com.qait.QPv2.tests.AA.AA_3423_Test" />
		</classes>
	</test>


	<test
		name="How Life Works (HLW) - AA-3588 (Automation Story of AA-2910 User Story)"
		preserve-order="true">
		<classes>
			<class name="com.qait.QPv2.tests.AA.AA_3588_Test" />
		</classes>
	</test>


	<test
		name="How Life Works (HLW) - AA-3681 (Automation Story of AA-2859 User Story)"
		preserve-order="true">
		<classes>
			<class name="com.qait.QPv2.tests.AA.AA_3681_Test" />
		</classes>
	</test>


	<test
		name="How Life Works (HLW) - AA-3682 (Automation Story of AA-3065 User Story)"
		preserve-order="true">
		<classes>
			<class name="com.qait.QPv2.tests.AA.AA_3682_Test" />
		</classes>
	</test>

	<test
		name="How Life Works (HLW) - AA-4044 (Automation Story of AA-4001 User Story)"
		preserve-order="true">
		<classes>
			<class name="com.qait.QPv2.tests.AA.AA_4044_Test" />
		</classes>
	</test>


	<test
		name="How Life Works (HLW) - AA-4156 (Automation Story of AA-3817 User Story)"
		preserve-order="true">
		<classes>
			<class name="com.qait.QPv2.tests.AA.AA_4156_Test" />
		</classes>
	</test>


	<test
		name="How Life Works (HLW) - AA-4188 (Automation Story of AA-3639 User Story)"
		preserve-order="true">
		<classes>
			<class name="com.qait.QPv2.tests.AA.AA_4188_Test" />
		</classes>
	</test>

	<test
		name="How Life Works (HLW) - AA-4426 (Automation Story of AA-3691 User Story)"
		preserve-order="true">
		<classes>
			<class name="com.qait.QPv2.tests.AA.AA_4426_Test" />
		</classes>
	</test>

	<test name="How Life Works (HLW) - AA_4990_Test" preserve-order="true">
		<classes>
			<class name="com.qait.QPv2.tests.AA_4990_Test" />
		</classes>
	</test>


	<test name="How Life Works (HLW) - AA-5037" preserve-order="true">
		<classes>
			<class name="com.qait.QPv2.tests.AA.AA_5037_Test" />
		</classes>
	</test>



	<test
		name="How Life Works (HLW) - Import Questions from Review and Modify tab (AA_5139_Test)"
		preserve-order="true">
		<classes>
			<class name="com.qait.QPv2.tests.AA.AA_5139_Test" />
		</classes>
	</test>

	<test name="How Life Works (HLW) - AA_5151_5153_Test"
		preserve-order="true">
		<classes>
			<class name="com.qait.QPv2.tests.AA.AA_5151_5153_Test" />
		</classes>
	</test>

	<test name="How Life Works (HLW) - AA_5152_5155_Test"
		preserve-order="true">
		<classes>
			<class name="com.qait.QPv2.tests.AA.AA_5152_5155_Test" />
		</classes>
	</test>


	<test name="AA_5195_Test " preserve-order="true">
		<classes>
			<class name="com.qait.QPv2.tests.AA.AA_5195_Test" />
		</classes>
	</test>

	<test name="AA_5196_Test " preserve-order="true">
		<classes>
			<class name="com.qait.QPv2.tests.AA.AA_5196_Test" />
		</classes>
	</test>


	<test name="How Life Works (HLW) - Quiz Player" preserve-order="true">
		<classes>
			<class name="com.qait.QPv2.tests.Quiz_Player_Test" />
		</classes>
	</test>

	<test name="How Life Works (HLW) - Show My Questions"
		preserve-order="true">
		<classes>
			<class name="com.qait.QPv2.tests.Show_My_Questions_Test" />
		</classes>
	</test>

	<test
		name="How Life Works (HLW) - AA_5161_5166_Test (Automation Story of AA-3100 and AA-2874 User Story)"
		preserve-order="true">
		<classes>
			<class name="com.qait.QPv2.tests.AA.AA_5161_5166_Test" />
		</classes>
	</test>

	<test name="Instructor Created Quiz QPv2" preserve-order="true">
		<classes>
			<class name="com.qait.QPv2.tests.Instructor_Created_Quiz_QPV2" />
		</classes>
	</test>

	<test name="Question Picker V2 with Question Pools"
		preserve-order="true">
		<classes>
			<class name="com.qait.QPv2.tests.Instructor_Created_Quiz_With_Pools" />
		</classes>
	</test>

	<test name="Native Question Editor" preserve-order="true">
		<classes>
			<class name="com.qait.QPv2.tests.Native_Question_Editor_smoke" />
		</classes>
	</test>

	<test name="Pre Made Instructor Flow" preserve-order="true">
		<classes>
			<class name="com.qait.QPv2.tests.PreMade_InstructorEnd_Smoke" />
		</classes>
	</test>

	<test name="Pre Made Preview as Student" preserve-order="true">
		<classes>
			<class name="com.qait.QPv2.tests.PreMade_Student_Preview" />
		</classes>
	</test>

</suite>
