<?xml version="1.0" encoding="UTF-8"?>
<suite verbose="0" name="Workflows" parallel="tests" thread-count="8">

	<listeners>
		<listener class-name="com.qait.automation.report.CustomReport_Automation_New" />
	</listeners>

	<test name="QPv2_Search_Result_Collapsed_State_Exploring10e" preserve-order="true">
		<classes>
			<class name="com.qait.QPv2.workflows.QPv2_Search_Result_Collapsed_State_Exploring10e" />
		</classes>
	</test>
	<test name="QPv2_Search_Result_Collapsed_State_Nolanessentials3e" preserve-order="true">
		<classes>
			<class name="com.qait.QPv2.workflows.QPv2_Search_Result_Collapsed_State_Nolanessentials3e" />
		</classes>
	</test>
	<test name="QPv2_Search_Result_Collapsed_State_Readwrite" preserve-order="true">
		<classes>
			<class name="com.qait.QPv2.workflows.QPv2_Search_Result_Collapsed_State_Readwrite" />
		</classes>
	</test>	
	<test name="QPv2_Search_Result_Collapsed_State_sciampresenting1e" preserve-order="true">
		<classes>
			<class name="com.qait.QPv2.workflows.QPv2_Search_Result_Collapsed_State_sciampresenting1e" />
		</classes>
	</test>
	<test name="QPv2_Search_Result_Expanded_State_exploring10e" preserve-order="true">
		<classes>
			<class name="com.qait.QPv2.workflows.QPv2_Search_Result_Expanded_State_exploring10e" />
		</classes>
	</test>
	<test name="QPv2_Search_Result_Expanded_State_Nolanessentials3e" preserve-order="true">
		<classes>
			<class name="com.qait.QPv2.workflows.QPv2_Search_Result_Expanded_State_Nolanessentials3e" />
		</classes>
	</test>
	<test name="QPv2_Search_Result_Expanded_State_Readwrite" preserve-order="true">
		<classes>
			<class name="com.qait.QPv2.workflows.QPv2_Search_Result_Expanded_State_Readwrite" />
		</classes>
	</test>	
	<test name="QPv2_Search_Result_Expanded_State_sciampresenting1e" preserve-order="true">
		<classes>
			<class name="com.qait.QPv2.workflows.QPv2_Search_Result_Expanded_State_Sciampresenting1e" />
		</classes>
	</test>

	
</suite>