<iproblem maxpoints="1">
    <vardef name="a" type="numeric" format="#">
        <constraint>
            <range type="gt">
                <expr>1</expr>
            </range>
            <range type="lt">
                <expr>11</expr>
            </range>
        </constraint>
    </vardef>
    <vardef name="b" type="text">
        <constraint>
            <inclusion>
                <expr>one</expr>
                <expr>two</expr>
            </inclusion>
        </constraint>
    </vardef>
    <vardef name="b1" type="textarray">
        <constraint>
            <inclusion>
                <expr>~b\</expr>
                <expr>three</expr>
                <expr>four</expr>
            </inclusion>
        </constraint>
    </vardef>
    <vardef name="m1" type="matharray">
        <constraint>
            <inclusion>
                <expr>~b1[1]\</expr>
                <expr>~a\</expr>
            </inclusion>
        </constraint>
    </vardef>
    <iprostep id="step0">
        <p></p>
        <table border="4" cellpadding="1">
            <tbody>
                <tr>
                    <td></td>
                    <td></td>
                </tr>
                <tr>
                    <td>one</td>
                    <td>two
                        <iproelement_short elid="18" id="@step.s@id" version="2" correct="@RT{23}cos@SUP{-1}(2)&approx;ln(3)&notpropsubset;e@SUP{3}&phi;H@SUB{a}&sigma;&inf;" type="math" answerrule="any" points="1" size="2"></iproelement_short>
                    </td>
                </tr>
                <tr>
                    <td>three
                        <iproelement_short elid="15" id="@step.s@id" version="2" correct="5" type="numeric" tolerance="0" format="auto" checksyntax="off" tolerancetype="Absolute" points=".5" size="auto"></iproelement_short>
                    </td>
                    <td>
                        <img src="http://emesurvivor.files.wordpress.com/2010/11/celtic-tree.jpg" border="0" alt="Tree of life" title="Tree" width="200" height="201" />
                    </td>
                </tr>
                <tr>
                    <td>
                        <img src="https://encrypted-tbn0.gstatic.com/images?q=tbn:ANd9GcQGXj6jom6t2b-gBkWK5oyAJd9r6xwZ60psAFojR76VuiB8YRRPqg" border="0" alt="Tree 2" title="treeeeeeeee" width="50" height="50" onmouseover="this.src='https://encrypted-tbn3.gstatic.com/images?q=tbn:ANd9GcSa1iU68mA-Ykzv5xvTAv4kAaAkr0C6pUKFnB8pWdetMsO61bO8mw';" />
                    </td>
                    <td>fgasyudfuyfdyusafd</td>
                </tr>
                <tr>
                    <td>
                        <iproelement_short elid="16" id="@step.s@id" version="2" correct="text2" type="text" points="3" size="auto"></iproelement_short>
                    </td>
                    <td>
                        <img src="http://fc00.deviantart.net/fs70/i/2013/254/1/6/spirit_wolf_and_tree_of_life_by_calamitymoon-d4s8i5e.jpg" border="0" alt="tree 3" width="134" height="150" onmouseover="this.src='https://encrypted-tbn1.gstatic.com/images?q=tbn:ANd9GcS7VgD2GeA6gZx3-T0K_65dj1oyYjVcSa-aN3WlvVxVOeoHGkuC';" />
                    </td>
                </tr>
            </tbody>
        </table>
    </iprostep>
</iproblem>