<iproblem maxpoints="3">
    <vardef name="ch" type="numeric" format="#">
        <constraint>
            <inclusion>
                <expr>1</expr>
            </inclusion>
        </constraint>
    </vardef>
    <vardef name="a" type="numeric" format="#">
        <constraint>
            <inclusion>
                <expr>2 + abs(10 * ~ch\ * sampleUniform1())</expr>
            </inclusion>
        </constraint>
    </vardef>
    <vardef name="b" type="numeric" format="#">
        <constraint>
            <inclusion>
                <expr>5 - abs(3 * ~ch\ * sampleUniform1())</expr>
            </inclusion>
        </constraint>
    </vardef>
    <vardef name="c" type="numeric" format="#">
        <constraint>
            <range type="lt">
                <expr>~b\</expr>
            </range>
            <inclusion>
                <expr>3 + abs(3 * ~ch\ * sampleUniform1())</expr>
            </inclusion>
        </constraint>
    </vardef>
    <vardef name="func" type="math" format="#">
        <constraint>
            <inclusion>
                <expr>@DIV{1;xlog@SUB{$a}x}</expr>
            </inclusion>
        </constraint>
    </vardef>
    <vardef name="x1" type="numeric" format="#">
        <constraint>
            <inclusion>
                <expr>$a^~c\</expr>
            </inclusion>
        </constraint>
    </vardef>
    <vardef name="x2" type="numeric" format="#">
        <constraint>
            <inclusion>
                <expr>$a^~b\</expr>
            </inclusion>
        </constraint>
    </vardef>
    <vardef name="u1" type="math" format="#">
        <constraint>
            <inclusion>
                <expr>ln~x1\</expr>
            </inclusion>
        </constraint>
    </vardef>
    <vardef name="u2" type="math" format="#">
        <constraint>
            <inclusion>
                <expr>ln~x2\</expr>
            </inclusion>
        </constraint>
    </vardef>
    <vardef name="answ" type="math" format="#">
        <constraint>
            <inclusion>
                <expr>ln$a*(ln@DIV{~b\;~c\})</expr>
            </inclusion>
        </constraint>
    </vardef>
    <iprostep id="step0">
        <div>
            <p>Find the definite integral.</p>
            <p>(Use symbolic notation and fractions where needed. Enter "DNE" in answer field if integral does not exist.)</p>
            <p>
                <iproformula alt="" style="" type="text" src="geteq.ashx?eqtext=@INTEGRAL{~x1\;~x2\}~func\ dx = " hts-data-equation="%40INTEGRAL%7b%24x1%3b%24x2%7d%24func+dx+%3d+"></iproformula>
                <iproelement_short elid="1" id="@step.s@id" version="2" correct="~answ\" type="math" answerrule="diff_const" size="2"></iproelement_short>
            </p>
        </div>
        <div>
            <ipronav navtype="correct" next="step0corr"></ipronav>
            <ipronav navtype="incorrect" next="step0inc"></ipronav>
        </div>
    </iprostep>
    <iprostep id="step0corr">
        <div class="correct">Correct</div>
    </iprostep>
    <iprostep id="step0inc">
        <div class="incorrect">Incorrect</div>
    </iprostep>
    <iprostep id="solution">
        <p>
            <strong>SOLUTION</strong>
        </p>
        <div>
            <p>Since 
                <iproformula alt="" style="" type="text" src="geteq.ashx?eqtext=log@SUB{$a}x = @DIV{lnx;ln$a}" hts-data-equation="log%40SUB%7b%24a%7dx+%3d+%40DIV%7blnx%3bln%24a%7d"></iproformula>, we have
            </p>
            <p>
                <iproformula alt="" style="" type="text" src="geteq.ashx?eqtext=@INTEGRAL{~x1\;~x2\}~func\ dx = " hts-data-equation="%40INTEGRAL%7b%24x1%3b%24x2%7d%24func+dx+%3d+"></iproformula>
                <iproformula alt="" style="" type="text" src="geteq.ashx?eqtext=@INTEGRAL{~x1\;~x2\}@DIV{dx;x(@DIV{lnx;ln$a})} = " hts-data-equation="%40INTEGRAL%7b%24x1%3b%24x2%7d%40DIV%7bdx%3bx(%40DIV%7blnx%3bln%24a%7d)%7d+%3d+"></iproformula>
                <iproformula alt="" style="" type="text" src="geteq.ashx?eqtext=ln$a@INTEGRAL{~x1\;~x2\}@DIV{dx;xlnx}" hts-data-equation="ln%24a%40INTEGRAL%7b%24x1%3b%24x2%7d%40DIV%7bdx%3bxlnx%7d"></iproformula>.
            </p>
            <p>Let 
                <iproformula alt="" style="" type="text" src="geteq.ashx?eqtext=u = lnx" hts-data-equation="u+%3d+lnx"></iproformula>, then 
                <iproformula alt="" style="" type="text" src="geteq.ashx?eqtext=du = @DIV{1;x}dx" hts-data-equation="du+%3d+%40DIV%7b1%3bx%7ddx"></iproformula>.
            </p>
            <p>The lower limit of integration is 
                <iproformula alt="" style="" type="text" src="geteq.ashx?eqtext=u = ~u1\" hts-data-equation="u+%3d+%24u1"></iproformula>.
            </p>
            <p>The upper limit of integration is 
                <iproformula alt="" style="" type="text" src="geteq.ashx?eqtext=u = ~u2\" hts-data-equation="u+%3d+%24u2"></iproformula>.
            </p>
            <p>Substitute and obtain</p>
            <p>
                <iproformula alt="" style="" type="text" src="geteq.ashx?eqtext=ln$a@INTEGRAL{~u1\;~u2\}@DIV{du;u} = " hts-data-equation="ln%24a%40INTEGRAL%7b%24u1%3b%24u2%7d%40DIV%7bdu%3bu%7d+%3d+"></iproformula>
                <iproformula alt="" style="" type="text" src="geteq.ashx?eqtext=ln$a@SUPSUB{[lnu];~u2\;~u1\}" hts-data-equation="ln%24a%40SUPSUB%7b%5blnu%5d%3b%24u2%3b%24u1%7d"></iproformula>
            </p>
            <p>
                <iproformula alt="" style="" type="text" src="geteq.ashx?eqtext== ln~a[ln(~u2\)-ln(~u1\)]\" hts-data-equation="%3d+ln%24a%5bln(%24u2)-ln(%24u1)%5d"></iproformula>
            </p>
            <p>
                <iproformula alt="" style="" type="text" src="geteq.ashx?eqtext== ln~a[ln(~b\ln~a)-ln(~c\ln~a)]\" hts-data-equation="%3d+ln%24a%5bln(%24bln%24a)-ln(%24cln%24a)%5d"></iproformula>
            </p>
            <p>
                <iproformula alt="" style="" type="text" src="geteq.ashx?eqtext== ln~a[ln~b\+ln(ln~a)-(ln~c\+ln(ln~a))]\" hts-data-equation="%3d+ln%24a%5bln%24b%2bln(ln%24a)-(ln%24c%2bln(ln%24a))%5d"></iproformula>
                <iproformula alt="" style="" type="text" src="geteq.ashx?eqtext== ~answ\" hts-data-equation="%3d+%24answ"></iproformula>.
            </p>
        </div>
    </iprostep>
</iproblem>