<iproblem maxpoints="1">
    <vardef name="a" type="numeric" format="#">
        <constraint>
            <range type="ge">
                <expr>1</expr>
            </range>
            <range type="le">
                <expr>3</expr>
            </range>
        </constraint>
    </vardef>
    <vardef name="b" type="numeric" format="#">
        <constraint>
            <range type="ge">
                <expr>1</expr>
            </range>
            <range type="le">
                <expr>3</expr>
            </range>
        </constraint>
    </vardef>
    <vardef name="c" type="numeric" format="#">
        <constraint>
            <range type="ge">
                <expr>-9</expr>
            </range>
            <range type="le">
                <expr>-1</expr>
            </range>
        </constraint>
    </vardef>
    <vardef name="ax" type="numeric" format="#">
        <constraint>
            <range type="ge">
                <expr>-9</expr>
            </range>
            <range type="le">
                <expr>-6</expr>
            </range>
        </constraint>
    </vardef>
    <vardef name="bx" type="numeric" format="#">
        <constraint>
            <range type="ge">
                <expr>-6</expr>
            </range>
            <range type="le">
                <expr>2</expr>
            </range>
            <exclusion>
                <expr>-~b\/~a\</expr>
            </exclusion>
        </constraint>
    </vardef>
    <vardef name="cx" type="numeric" format="#">
        <constraint>
            <range type="ge">
                <expr>3</expr>
            </range>
            <range type="le">
                <expr>5</expr>
            </range>
        </constraint>
    </vardef>
    <vardef name="d" type="numeric" format="#">
        <constraint>
            <inclusion>
                <expr>1-~b\ - ~a\*~bx\</expr>
                <expr>4-~b\ - ~a\*~bx\</expr>
                <expr>9-~b\ - ~a\*~bx\</expr>
            </inclusion>
        </constraint>
    </vardef>
    <vardef name="g" type="math" format="#">
        <constraint>
            <inclusion>
                <expr>~cx\+@RT{~a\*~bx\+~b\+~d\}</expr>
            </inclusion>
        </constraint>
    </vardef>
    <vardef name="f1" type="math" format="#">
        <constraint>
            <inclusion>
                <expr>~ax\+~b\</expr>
            </inclusion>
        </constraint>
    </vardef>
    <vardef name="f2" type="math" format="#">
        <constraint>
            <inclusion>
                <expr>~a\*~bx\+~b\</expr>
            </inclusion>
        </constraint>
    </vardef>
    <vardef name="f3" type="math" format="#">
        <constraint>
            <inclusion>
                <expr>(x-~g\)^2-~d\</expr>
            </inclusion>
        </constraint>
    </vardef>
    <vardef name="answf0" type="numeric" format="#">
        <constraint>
            <inclusion>
                <expr>~b\</expr>
            </inclusion>
            <condition type="gt">
                <expr>~bx\</expr>
                <expr>0</expr>
            </condition>
        </constraint>
        <constraint>
            <inclusion>
                <expr>~f2\</expr>
            </inclusion>
            <condition type="le">
                <expr>~bx\</expr>
                <expr>0</expr>
            </condition>
        </constraint>
    </vardef>
    <vardef name="answf6" type="numeric" format="#">
        <constraint>
            <inclusion>
                <expr>-~a\*6+~b\</expr>
            </inclusion>
        </constraint>
    </vardef>
    <iprostep id="step0">
        <div>
            <p>Find 
                <iproformula alt="" style="" type="text" src="geteq.ashx?eqtext=f(0)" hts-data-equation="f(0)"></iproformula> and 
                <iproformula alt="" style="" type="text" src="geteq.ashx?eqtext=f(-6)" hts-data-equation="f(-6)"></iproformula> for function
            </p>
            <p>
                <iproformula alt="" style="" type="text" src="geteq.ashx?eqtext=f (x) = @CBRACEL{@MATR{{~f1\;\i\f;~ax\&le;x&le;~bx\};{~f2\;\i\f;~bx\&le;x&le;~cx\};{~f3\;\i\f;~cx\&le;x&le;11}}}" hts-data-equation="f+(x)+%3d+%40CBRACEL%7b%40MATR%7b%7b%24f1%3b%5ci%5cf%3b%24ax%26le%3bx%26le%3b%24bx%7d%3b%7b%24f2%3b%5ci%5cf%3b%24bx%26le%3bx%26le%3b%24cx%7d%3b%7b%24f3%3b%5ci%5cf%3b%24cx%26le%3bx%26le%3b11%7d%7d%7d"></iproformula>
            </p>
            <p>(Use symbolic notation and fractions where needed.)</p>
            <p>
                <iproformula alt="" style="" type="text" src="geteq.ashx?eqtext=f(0)" hts-data-equation="f(0)"></iproformula> = 
                <iproelement_short elid="2" id="@step.s@id" version="2" correct="~answf0\" type="math" answerrule="any" size="2"></iproelement_short>.
            </p>
            <p>
                <iproformula alt="" style="" type="text" src="geteq.ashx?eqtext=f(-6)" hts-data-equation="f(-6)"></iproformula> = 
                <iproelement_short elid="4" id="@step.s@id" version="2" correct="~answf6\" type="math" answerrule="any" size="2"></iproelement_short>.
            </p>
        </div>
        <div>
            <ipronav navtype="correct" next="step0corr"></ipronav>
            <ipronav navtype="incorrect" next="step0inc"></ipronav>
        </div>
    </iprostep>
    <iprostep id="step0corr">
        <div class="correct">Correct feedback</div>
    </iprostep>
    <iprostep id="step0inc">
        <div class="incorrect">Incorrect feedback</div>
    </iprostep>
    <iprostep id="solution">
        <p>
            <strong>SOLUTION</strong>
        </p>
        <p>Because the graph of 
            <iproformula alt="" style="" type="text" src="geteq.ashx?eqtext=f" hts-data-equation="f"></iproformula> includes the point 
            <iproformula alt="" style="" type="text" src="geteq.ashx?eqtext=(0, ~answf0\)" hts-data-equation="(0%2c+%24answf0)"></iproformula>, 
            <iproformula alt="" style="" type="text" src="geteq.ashx?eqtext=f(0) = ~answf0\" hts-data-equation="f(0)+%3d+%24answf0"></iproformula>.
        </p>
        <p>Because the graph of 
            <iproformula alt="" style="" type="text" src="geteq.ashx?eqtext=f" hts-data-equation="f"></iproformula> includes the point 
            <iproformula alt="" style="" type="text" src="geteq.ashx?eqtext=(6, ~answf6\)" hts-data-equation="(6%2c+%24answf6)"></iproformula>, 
            <iproformula alt="" style="" type="text" src="geteq.ashx?eqtext=f(-6) = ~answf6\" hts-data-equation="f(-6)+%3d+%24answf6"></iproformula>.
        </p>
    </iprostep>
</iproblem>