<iproblem maxpoints="3">
    <vardef name="ch" type="numeric" format="#">
        <constraint>
            <inclusion>
                <expr>1</expr>
            </inclusion>
        </constraint>
    </vardef>
    <vardef name="a" type="numeric" format="#.#">
        <constraint>
            <inclusion>
                <expr>1 + abs(10 * ~ch\ * sampleUniform1())</expr>
            </inclusion>
        </constraint>
    </vardef>
    <vardef name="h" type="numeric" format="#.##">
        <constraint>
            <inclusion>
                <expr>0.2</expr>
            </inclusion>
        </constraint>
    </vardef>
    <vardef name="sol1" type="numarray" format="#.##">
        <constraint>
            <inclusion>
                <expr>~a\ + 0.2</expr>
                <expr>~a\ + 0.4</expr>
                <expr>~a\ + 0.6</expr>
                <expr>~a\ + 0.8</expr>
                <expr>~a\ + 1</expr>
            </inclusion>
        </constraint>
    </vardef>
    <vardef name="y0" type="numeric" format="#">
        <constraint>
            <inclusion>
                <expr>2 + abs(10 * ~ch\ * sampleUniform1())</expr>
            </inclusion>
        </constraint>
    </vardef>
    <vardef name="y1" type="numeric" format="#.####">
        <constraint>
            <inclusion>
                <expr>~y0\ + ~h\*(~a\ + ~h\*0)*sin(~y0\)</expr>
            </inclusion>
        </constraint>
    </vardef>
    <vardef name="y2" type="numeric" format="#.####">
        <constraint>
            <inclusion>
                <expr>~y1\ + ~h\*(~a\ + ~h\*1)*sin(~y1\)</expr>
            </inclusion>
        </constraint>
    </vardef>
    <vardef name="y3" type="numeric" format="#.####">
        <constraint>
            <inclusion>
                <expr>~y2\ + ~h\*(~a\ + ~h\*2)*sin(~y2\)</expr>
            </inclusion>
        </constraint>
    </vardef>
    <vardef name="y4" type="numeric" format="#.####">
        <constraint>
            <inclusion>
                <expr>~y3\ + ~h\*(~a\ + ~h\*3)*sin(~y3\)</expr>
            </inclusion>
        </constraint>
    </vardef>
    <vardef name="y5" type="numeric" format="#.####">
        <constraint>
            <inclusion>
                <expr>~y4\ + ~h\*(~a\ + ~h\*4)*sin(~y4\)</expr>
            </inclusion>
        </constraint>
    </vardef>
    <iprostep id="step0">
        <div>
            <p>Let 
                <iproformula alt="" style="" type="text" src="geteq.ashx?eqtext=y(t)" hts-data-equation="y(t)"></iproformula> be the solution to 
                <iproformula alt="" style="" type="text" src="geteq.ashx?eqtext=y' = tsiny" hts-data-equation="y%27+%3d+tsiny"></iproformula> satisfying 
                <iproformula alt="" style="" type="text" src="geteq.ashx?eqtext=y(~a\) = ~y0\" hts-data-equation="y(%24a)+%3d+%24y0"></iproformula>.
            </p>
            <p>Use Euler's Method with time step 
                <iproformula alt="" style="" type="text" src="geteq.ashx?eqtext=h = ~h\" hts-data-equation="h+%3d+%24h"></iproformula> to approximate 
                <iproformula alt="" style="" type="text" src="geteq.ashx?eqtext=y(~sol1[5]\)" hts-data-equation="y(%24sol1%5b5%5d)"></iproformula>.
            </p>
            <p>(Use decimal notation. Give your answer to four decimal places.)</p>
            <table style="width: 100%;" border="1" cellspacing="0" cellpadding="1">
                <tbody>
                    <tr align="left" valign="top">
                        <td>
                            <p>
                                <iproformula alt="" style="" type="text" src="geteq.ashx?eqtext=n" hts-data-equation="n"></iproformula>
                            </p>
                            <p></p>
                        </td>
                        <td>
                            <iproformula alt="" style="" type="text" src="geteq.ashx?eqtext=t@SUB{n}" hts-data-equation="t%40SUB%7bn%7d"></iproformula>
                        </td>
                        <td>
                            <iproformula alt="" style="" type="text" src="geteq.ashx?eqtext=y@SUB{n}" hts-data-equation="y%40SUB%7bn%7d"></iproformula>
                        </td>
                    </tr>
                    <tr align="left" valign="top">
                        <td>0</td>
                        <td>~a\ </td>
                        <td>
                            <iproelement_short elid="1" id="@step.s@id" version="2" correct="~y0\" type="numeric" tolerance="0.001" size="2"></iproelement_short>
                        </td>
                    </tr>
                    <tr align="left" valign="top">
                        <td>1</td>
                        <td>~sol1[1]\ </td>
                        <td>
                            <iproelement_short elid="2" id="@step.s@id" version="2" correct="~y1\" type="numeric" tolerance="0.001" size="2"></iproelement_short>
                        </td>
                    </tr>
                    <tr align="left" valign="top">
                        <td>2</td>
                        <td>~sol1[2]\ </td>
                        <td>
                            <iproelement_short elid="3" id="@step.s@id" version="2" correct="~y2\" type="numeric" tolerance="0.001" size="2"></iproelement_short>
                        </td>
                    </tr>
                    <tr align="left" valign="top">
                        <td>3</td>
                        <td>~sol1[3]\ </td>
                        <td>
                            <iproelement_short elid="4" id="@step.s@id" version="2" correct="~y3\" type="numeric" tolerance="0.001" size="2"></iproelement_short>
                        </td>
                    </tr>
                    <tr align="left" valign="top">
                        <td>4</td>
                        <td>~sol1[4]\ </td>
                        <td>
                            <iproelement_short elid="5" id="@step.s@id" version="2" correct="~y4\" type="numeric" tolerance="0.001" size="2"></iproelement_short>
                        </td>
                    </tr>
                    <tr align="left" valign="top">
                        <td>5</td>
                        <td>~sol1[5]\ </td>
                        <td>
                            <iproelement_short elid="6" id="@step.s@id" version="2" correct="~y5\" type="numeric" tolerance="0.001" size="2"></iproelement_short>
                        </td>
                    </tr>
                </tbody>
            </table>
            <p></p>
            <br />
            <a href="/brainhoney/resource/6726/ebooks.bfwpub.com/calculuset2e/sections/9_3.html" target="_blank">
                <img src="/brainhoney/resource/6726/bcs.whfreeman.com/webpub/mathematics/rogawskicalculus_bridge/LOR_linking_icons/ebook1.gif" border="0" alt="" />
            </a>
            <br />
            <p></p>
        </div>
        <div>
            <ipronav navtype="correct" next="step0corr"></ipronav>
            <ipronav navtype="incorrect" next="step0inc"></ipronav>
        </div>
    </iprostep>
    <iprostep id="step0corr">
        <div class="correct">Correct</div>
    </iprostep>
    <iprostep id="step0inc">
        <div class="incorrect">Incorrect</div>
    </iprostep>
    <iprostep id="solution">
        <div>
            <p>
                <strong>SOLUTION</strong>
            </p>
            <div>
                <p>With 
                    <iproformula alt="" style="" type="text" src="geteq.ashx?eqtext=y@SUB{0}=~y0\, t@SUB{0}=~a\, h=0.2" hts-data-equation="y%40SUB%7b0%7d%3d%24y0%2c+t%40SUB%7b0%7d%3d%24a%2c+h%3d0.2"></iproformula>, and 
                    <iproformula alt="" style="" type="text" src="geteq.ashx?eqtext=F(t, y) = tsiny" hts-data-equation="F(t%2c+y)+%3d+tsiny"></iproformula>, we compute
                </p>
                <table style="width: 100%;" border="1" cellspacing="0" cellpadding="1">
                    <tbody>
                        <tr align="left" valign="top">
                            <td>
                                <p>
                                    <iproformula alt="" style="" type="text" src="geteq.ashx?eqtext=n" hts-data-equation="n"></iproformula>
                                </p>
                                <p></p>
                            </td>
                            <td>
                                <iproformula alt="" style="" type="text" src="geteq.ashx?eqtext=t@SUB{n}" hts-data-equation="t%40SUB%7bn%7d"></iproformula>
                            </td>
                            <td>
                                <iproformula alt="" style="" type="text" src="geteq.ashx?eqtext=y@SUB{n}" hts-data-equation="y%40SUB%7bn%7d"></iproformula>
                            </td>
                        </tr>
                        <tr align="left" valign="top">
                            <td>0</td>
                            <td>~a\ </td>
                            <td>
                                <p>
                                    <iproformula alt="" style="" type="text" src="geteq.ashx?eqtext=~y0\" hts-data-equation="%24y0"></iproformula>
                                </p>
                                <p></p>
                            </td>
                        </tr>
                        <tr align="left" valign="top">
                            <td>1</td>
                            <td>~sol1[1]\ </td>
                            <td>
                                <p>
                                    <iproformula alt="" style="" type="text" src="geteq.ashx?eqtext=y@SUB{0} + hF(t@SUB{0}, y@SUB{0}) = ~y1\" hts-data-equation="y%40SUB%7b0%7d+%2b+hF(t%40SUB%7b0%7d%2c+y%40SUB%7b0%7d)+%3d+%24y1"></iproformula>
                                </p>
                                <p></p>
                            </td>
                        </tr>
                        <tr align="left" valign="top">
                            <td>2</td>
                            <td>~sol1[2]\ </td>
                            <td>
                                <p>
                                    <iproformula alt="" style="" type="text" src="geteq.ashx?eqtext=y@SUB{1} + hF(t@SUB{1}, y@SUB{1}) = ~y2\" hts-data-equation="y%40SUB%7b1%7d+%2b+hF(t%40SUB%7b1%7d%2c+y%40SUB%7b1%7d)+%3d+%24y2"></iproformula>
                                </p>
                                <p></p>
                            </td>
                        </tr>
                        <tr align="left" valign="top">
                            <td>3</td>
                            <td>~sol1[3]\ </td>
                            <td>
                                <p>
                                    <iproformula alt="" style="" type="text" src="geteq.ashx?eqtext=y@SUB{2} + hF(t@SUB{2}, y@SUB{2}) = ~y3\" hts-data-equation="y%40SUB%7b2%7d+%2b+hF(t%40SUB%7b2%7d%2c+y%40SUB%7b2%7d)+%3d+%24y3"></iproformula>
                                </p>
                                <p></p>
                            </td>
                        </tr>
                        <tr align="left" valign="top">
                            <td>4</td>
                            <td>~sol1[4]\ </td>
                            <td>
                                <p>
                                    <iproformula alt="" style="" type="text" src="geteq.ashx?eqtext=y@SUB{3} + hF(t@SUB{3}, y@SUB{3}) = ~y4\" hts-data-equation="y%40SUB%7b3%7d+%2b+hF(t%40SUB%7b3%7d%2c+y%40SUB%7b3%7d)+%3d+%24y4"></iproformula>
                                </p>
                                <p></p>
                            </td>
                        </tr>
                        <tr align="left" valign="top">
                            <td>5</td>
                            <td>~sol1[5]\ </td>
                            <td>
                                <p>
                                    <iproformula alt="" style="" type="text" src="geteq.ashx?eqtext=y@SUB{4} + hF(t@SUB{4}, y@SUB{4}) = ~y5\" hts-data-equation="y%40SUB%7b4%7d+%2b+hF(t%40SUB%7b4%7d%2c+y%40SUB%7b4%7d)+%3d+%24y5"></iproformula>
                                </p>
                                <p></p>
                            </td>
                        </tr>
                    </tbody>
                </table>
                <p></p>
                <p></p>
            </div>
        </div>
    </iprostep>
</iproblem>
