<iproblem maxpoints="1">
    <vardef name="a" type="numeric" format="#">
        <constraint>
            <inclusion>
                <expr>1</expr>
            </inclusion>
        </constraint>
    </vardef>
    <vardef name="b" type="numeric" format="#">
        <constraint>
            <inclusion>
                <expr>2</expr>
            </inclusion>
        </constraint>
    </vardef>
    <vardef name="c" type="numeric" format="#">
        <constraint>
            <inclusion>
                <expr>3</expr>
            </inclusion>
        </constraint>
    </vardef>
    <vardef name="x" type="numarray" format="#">
        <constraint>
            <inclusion>
                <expr>1</expr>
                <expr>2</expr>
                <expr>3</expr>
            </inclusion>
        </constraint>
    </vardef>
    <vardef name="m1" type="numeric" format="#">
        <constraint>
            <inclusion>
                <expr>BinomCDF(~a\,~b\,~c\)</expr>
            </inclusion>
        </constraint>
    </vardef>
    <vardef name="m2" type="numeric" format="#">
        <constraint>
            <inclusion>
                <expr>maxmina(~x[]\,-1)</expr>
            </inclusion>
        </constraint>
    </vardef>
    <vardef name="m3" type="numeric" format="#">
        <constraint>
            <inclusion>
                <expr>FaKeFuNcTiOn(~x[~a\]\,~x[maxmina(~x[]\,-1)]\)</expr>
            </inclusion>
        </constraint>
    </vardef>
    <vardef name="m4" type="numeric" format="#">
        <constraint>
            <inclusion>
                <expr>quart(~x[]\,2)</expr>
            </inclusion>
        </constraint>
    </vardef>
    <iprostep id="step0">
        <p>
            a = ~a\<br/>
            b = ~b\<br/>
            c = ~c\<br/>
            x[] = ~x[]\<br/>
            m1 = ~m1\<br/>
            m2 = ~m2\<br/>
            m3 = ~m3\<br/>
            m4 = ~m4\
        </p>
    </iprostep>
</iproblem>