<iproblem maxpoints="1">
    <vardef name="a" type="math">
        <constraint>
            <inclusion>
                <expr>sin(&alpha;+&pi;)</expr>
            </inclusion>
        </constraint>
    </vardef>
    <iprostep id="step0">
        <p>
            <iproformula alt="" style="" type="text" src="geteq.ashx?eqtext=@UNDER{lim;t&rightarrow;7}4t@SUP{-1}=" hts-data-equation="%40UNDER%7blim%3bt%26rightarrow%3b7%7d4t%40SUP%7b-1%7d%3d"></iproformula>
        </p>
        <p>
            <iproformula alt="" style="" type="text" src="geteq.ashx?eqtext=cos(&theta;+&xi;@SUB{3}-&csigma;)" hts-data-equation="cos(%26theta%3b%2b%26xi%3b%40SUB%7b3%7d-%26csigma%3b)"></iproformula>
        </p>
        <p>
            <iproformula alt="" style="" type="text" src="geteq.ashx?eqtext=@SUPSUB{~a\;~a\+1;cos@SUP{-1}(&chi;+&eta;-@HAT{y}@SUB{H@SUB{0}}+&alpha;+&theta;+&cgamma;)}" hts-data-equation="%40SUPSUB%7b%24a%3b%24a%2b1%3bcos%40SUP%7b-1%7d(%26chi%3b%2b%26eta%3b-%40HAT%7by%7d%40SUB%7bH%40SUB%7b0%7d%7d%2b%26alpha%3b%2b%26theta%3b%2b%26cgamma%3b)%7d"></iproformula>
        </p>
        <p>
            <iproelement_short elid="1" id="@step.s@id" version="2" correct="&notpropsubset;&empty;&nu;@HAT{y}&cpsi;cosh(&upsi;+&cpi;-&phi;)" type="math" answerrule="any" points="1" size="2"></iproelement_short>
        </p>
        <p>
            <iproformula alt="" style="" type="text" src="geteq.ashx?eqtext=&propsubset;&empty;&notsupset;&supset;&cup;&downarrow;&in;&upsi;&psi;&cdelta;&ctheta;&lambda;&nu;&epsi;&cpsi;&cupsi;" hts-data-equation="%26propsubset%3b%26empty%3b%26notsupset%3b%26supset%3b%26cup%3b%26downarrow%3b%26in%3b%26upsi%3b%26psi%3b%26cdelta%3b%26ctheta%3b%26lambda%3b%26nu%3b%26epsi%3b%26cpsi%3b%26cupsi%3b"></iproformula>
        </p>
        <p></p>
        <p>
            <iproformula alt="" style="" type="text" src="geteq.ashx?eqtext=(@BINOM{3;~a\})&star;sin(~a\)" hts-data-equation="(%40BINOM%7b3%3b%24a%7d)%26star%3bsin(%24a)"></iproformula>
        </p>
        <div>
            <input class="hint" id="@step.hint" onclick="javascript:next('hint', '@step')" type="button" value="Hint" hide="yes" />
        </div>
        <div>
            <ipronav navtype="hint" next="step0hint"></ipronav>
            <ipronav navtype="correct" next="step0corr"></ipronav>
            <ipronav navtype="incorrect" next="step0inc"></ipronav>
        </div>
    </iprostep>
    <iprostep id="step0hint">
        <p>Hint to not appear in review</p>
    </iprostep>
    <iprostep id="step0corr">
        <p>Correct</p>
    </iprostep>
    <iprostep id="step0inc">
        <p>Incorrect</p>
    </iprostep>
</iproblem>