<iproblem maxpoints="10">
    <vardef name="b" type="numeric" format="#">
        <constraint>
            <range type="ge">
                <expr>-9</expr>
            </range>
            <range type="le">
                <expr>9</expr>
            </range>
            <exclusion>
                <expr>0</expr>
            </exclusion>
        </constraint>
    </vardef>
    <vardef name="a" type="numeric" format="#">
        <constraint>
            <range type="ge">
                <expr>2</expr>
            </range>
            <range type="le">
                <expr>7</expr>
            </range>
        </constraint>
    </vardef>
    <vardef name="func" type="math">
        <constraint>
            <inclusion>
                <expr>~a\ x^2 + ~b\</expr>
            </inclusion>
        </constraint>
    </vardef>
    <vardef name="c" type="numeric" format="#">
        <constraint>
            <range type="ge">
                <expr>1</expr>
            </range>
            <range type="le">
                <expr>6</expr>
            </range>
        </constraint>
    </vardef>
    <vardef name="answer" type="numeric" format="#">
        <constraint>
            <inclusion>
                <expr>2*~a\*~c\</expr>
            </inclusion>
        </constraint>
    </vardef>
    <vardef name="ceps" type="numarray" format="#.####">
        <constraint>
            <inclusion>
                <expr>~c\+.001</expr>
                <expr>~c\+0.0001</expr>
                <expr>~c\-0.0001</expr>
                <expr>~c\-0.001</expr>
            </inclusion>
        </constraint>
    </vardef>
    <vardef name="fc" type="numarray" format="#.#######">
        <constraint>
            <inclusion>
                <expr>abs((~a\*~ceps[1]\*~ceps[1]\-~a\*~c\*~c\)/(~ceps[1]\-~c\))</expr>
                <expr>abs((~a\*~ceps[2]\*~ceps[2]\-~a\*~c\*~c\)/(~ceps[2]\-~c\))</expr>
                <expr>abs((~a\*~ceps[3]\*~ceps[3]\-~a\*~c\*~c\)/(~ceps[3]\-~c\))</expr>
                <expr>abs((~a\*~ceps[4]\*~ceps[4]\-~a\*~c\*~c\)/(~ceps[4]\-~c\))</expr>
            </inclusion>
        </constraint>
    </vardef>
    <iprostep id="step0">
        <p>Let 
            <iproformula alt="" style="" type="text" src="geteq.ashx?eqtext=P(x)=~func\" hts-data-equation="P(x)%3d%24func"></iproformula>. Estimate the instantaneous rate of change of this function at the point 
            <iproformula alt="" style="" type="text" src="geteq.ashx?eqtext=x=~c\" hts-data-equation="x%3d%24c"></iproformula>.
        </p>
        <p>(Round your answer to a whole number.)</p>
        <p>instantenous rate of change 
            <iproformula alt="" style="" type="text" src="geteq.ashx?eqtext=&approx;" hts-data-equation="%26approx%3b"></iproformula>
            <iproelement_short elid="1" id="@step.s@id" version="2" correct="~answer\" type="numeric" tolerance="0.0" checksyntax="true" size="2"></iproelement_short>
        </p>
        <div>
            <ipronav navtype="correct" next="step0corr"></ipronav>
            <ipronav navtype="incorrect" next="step0inc"></ipronav>
        </div>
    </iprostep>
    <iprostep id="step0corr">
        <div class="correct">Correct!</div>
    </iprostep>
    <iprostep id="step0inc">
        <div class="incorrect">Incorrect. Try again.</div>
    </iprostep>
    <iprostep id="solution">
        <p>
            <strong>SOLUTION</strong>
        </p>
        <table summary="table" border="1" cellspacing="2" cellpadding="1">
            <caption></caption>
            <thead>
                <tr align="left" valign="top">
                    <th id="th03307FC80000">
                        <em>x</em>interval
                    </th>
                    <th id="th03307FC80001">[~c\,~ceps[1]\  ]</th>
                    <th id="th03307FC80002">[~c\,~ceps[2]\  ]</th>
                    <th id="th03307FC80003">[~ceps[3]\,~c\]</th>
                    <th id="th03307FC80004">[~ceps[4]\,~c\]</th>
                </tr>
            </thead>
            <tbody>
                <tr align="left" valign="top">
                    <td headers="th03307FC80000">
                        <strong>average rate of change</strong>
                    </td>
                    <td headers="th03307FC80001">~fc[1]\ </td>
                    <td headers="th03307FC80002">~fc[2]\ </td>
                    <td headers="th03307FC80003">~fc[3]\ </td>
                    <td headers="th03307FC80004">~fc[4]\ </td>
                </tr>
            </tbody>
        </table>
        <p>The instantaneous rate of change at 
            <iproformula alt="" style="" type="text" src="geteq.ashx?eqtext=x=~c\" hts-data-equation="x%3d%24c"></iproformula> is approximately 
            <iproformula alt="" style="" type="text" src="geteq.ashx?eqtext=~answer\" hts-data-equation="%24answer"></iproformula>.
        </p>
    </iprostep>
</iproblem>