<iproblem maxpoints="1">
    <vardef name="a" type="numeric" format="#">
        <constraint>
            <range type="gt">
                <expr>1</expr>
            </range>
            <range type="le">
                <expr>5</expr>
            </range>
        </constraint>
    </vardef>
    <vardef name="b" type="math">
        <constraint>
            <inclusion>
                <expr>@DIV{~a\;7}</expr>
            </inclusion>
        </constraint>
    </vardef>
    <vardef name="c" type="math">
        <constraint>
            <inclusion>
                <expr>sin(&amp;alpha;)+cos(&amp;cphi;)</expr>
            </inclusion>
        </constraint>
    </vardef>
    <vardef name="d" type="math">
        <constraint>
            <inclusion>
                <expr>&amp;mu;sin($&amp;theta;)+cos@SUP{-1}($&amp;alpha;)</expr>
            </inclusion>
        </constraint>
    </vardef>
    <vardef name="ans" type="math">
        <constraint>
            <inclusion>
                <expr>@DIV{~a\;~t\}</expr>
            </inclusion>
        </constraint>
    </vardef>
    <vardef name="t" type="numeric" format="#">
        <constraint>
            <range type="gt">
                <expr>3</expr>
            </range>
            <range type="lt">
                <expr>7</expr>
            </range>
        </constraint>
    </vardef>
    <vardef name="ans1" type="math">
        <constraint>
            <inclusion>
                <expr>@DIV{~a\;~t\}</expr>
            </inclusion>
        </constraint>
    </vardef>
    <iprostep id="step0">
        <p>evaluate :</p>
        <p>
            <iproformula alt="" style="" type="text" src="geteq.ashx?eqtext=@UNDER{lim;t&amp;rightarrow;~t\}~a\t@SUP{-1}" hts-data-equation="%40UNDER%7blim%3bt%26amp%3brightarrow%3b%24t%7d%24at%40SUP%7b-1%7d"></iproformula>= 
            <iproelement_short elid="5" id="@step.s@id" version="2" correct="~ans1\" type="math" answerrule="any" points="1" size="2"></iproelement_short>
        </p>
        <p></p>
        <div id="hts-wrapper-1" class="hts-wrapper" style="display: inline-block;">
            <iproelement_short elid="4" id="@step.s@id" version="2" correct="~b\" type="math" answerrule="any" points="1" size="2"></iproelement_short>
        </div>
        <div id="hts-wrapper-2" class="hts-wrapper" style="display: inline-block;">
            <iproelement_short elid="2" id="@step.s@id" version="2" correct="cos(&amp;theta;)" type="math" answerrule="any" points="1" size="2"></iproelement_short>
            <br />
            <iproelement_short elid="3" id="@step.s@id" version="2" correct="~a\&amp;cup;cos@SUP{-1}(&amp;phi;)" type="math" answerrule="any" points="1" size="2"></iproelement_short>
        </div>
        <p>
            <iproformula alt="" style="" type="text" src="geteq.ashx?eqtext=sin(~a\)" hts-data-equation="sin(%24a)"></iproformula>
        </p>
        <p></p>
        <p>
            <iproformula alt="" style="" type="text" src="geteq.ashx?eqtext=cos(&amp;theta;)" hts-data-equation="cos(%26amp%3btheta%3b)"></iproformula>
        </p>
        <p>
            <iproformula alt="" style="" type="text" src="geteq.ashx?eqtext=coth(&amp;alpha;&amp;beta;&amp;gamma;&amp;delta;&amp;epsi;&amp;zeta;)" hts-data-equation="coth(%26amp%3balpha%3b%26amp%3bbeta%3b%26amp%3bgamma%3b%26amp%3bdelta%3b%26amp%3bepsi%3b%26amp%3bzeta%3b)"></iproformula>
        </p>
        <p>
            <iproformula alt="" style="" type="text" src="geteq.ashx?eqtext=&amp;eta;&amp;theta;&amp;iota;&amp;kappa;&amp;lambda;&amp;mu;" hts-data-equation="%26amp%3beta%3b%26amp%3btheta%3b%26amp%3biota%3b%26amp%3bkappa%3b%26amp%3blambda%3b%26amp%3bmu%3b"></iproformula>
        </p>
        <p>
            <iproformula alt="" style="" type="text" src="geteq.ashx?eqtext=&amp;nu;&amp;xi;&amp;omicron;&amp;pi;&amp;rho;&amp;sigma;" hts-data-equation="%26amp%3bnu%3b%26amp%3bxi%3b%26amp%3bomicron%3b%26amp%3bpi%3b%26amp%3brho%3b%26amp%3bsigma%3b"></iproformula>
        </p>
        <p>
            <iproformula alt="" style="" type="text" src="geteq.ashx?eqtext=&amp;tau;&amp;upsi;&amp;phi;&amp;chi;&amp;psi;&amp;omega;" hts-data-equation="%26amp%3btau%3b%26amp%3bupsi%3b%26amp%3bphi%3b%26amp%3bchi%3b%26amp%3bpsi%3b%26amp%3bomega%3b"></iproformula>
        </p>
        <p>
            <iproformula alt="" style="" type="text" src="geteq.ashx?eqtext=&amp;cgamma;&amp;clambda;&amp;cdelta;&amp;cphi;&amp;cpi;&amp;cpsi;" hts-data-equation="%26amp%3bcgamma%3b%26amp%3bclambda%3b%26amp%3bcdelta%3b%26amp%3bcphi%3b%26amp%3bcpi%3b%26amp%3bcpsi%3b"></iproformula>
        </p>
        <p>
            <iproformula alt="" style="" type="text" src="geteq.ashx?eqtext=&amp;csigma;&amp;ctheta;&amp;cupsi;&amp;cxi;&amp;comega;" hts-data-equation="%26amp%3bcsigma%3b%26amp%3bctheta%3b%26amp%3bcupsi%3b%26amp%3bcxi%3b%26amp%3bcomega%3b"></iproformula>
        </p>
        <p>
            <iproformula alt="" style="" type="text" src="geteq.ashx?eqtext=&amp;theta;" hts-data-equation="%26amp%3btheta%3b"></iproformula>
        </p>
        <p>
            <iproformula alt="" style="" type="text" src="geteq.ashx?eqtext=cos(&amp;theta;)" hts-data-equation="cos(%26amp%3btheta%3b)"></iproformula>
        </p>
        <p>
            <iproformula alt="" style="" type="text" src="geteq.ashx?eqtext=&amp;rightarrow;" hts-data-equation="%26amp%3brightarrow%3b"></iproformula>
        </p>
        <p>
            <iproformula alt="" style="" type="text" src="geteq.ashx?eqtext=&amp;lt;" hts-data-equation="%26amp%3blt%3b"></iproformula>
        </p>
        <p>
            <iproformula alt="" style="" type="text" src="geteq.ashx?eqtext=&amp;ge;" hts-data-equation="%26amp%3bge%3b"></iproformula>
        </p>
        <div>
            <input class="hint" id="@step.hint" onclick="javascript:next('hint', '@step')" type="button" value="Hint" hide="yes" />
        </div>
        <div>
            <ipronav navtype="hint" next="step0hint"></ipronav>
            <ipronav navtype="correct" next="step0corr"></ipronav>
            <ipronav navtype="incorrect" next="step0inc"></ipronav>
        </div>
    </iprostep>
    <iprostep id="step0hint">
        <p>This is the Hint Panel</p>
    </iprostep>
    <iprostep id="step0corr">
        <p>Correct</p>
    </iprostep>
    <iprostep id="step0inc">
        <p>Incorrect</p>
    </iprostep>
</iproblem>