<iproblem maxpoints="10">
    <vardef name="n" type="numeric" format="#">
        <constraint>
            <range type="ge">
                <expr>1</expr>
            </range>
            <range type="le">
                <expr>7</expr>
            </range>
        </constraint>
    </vardef>
    <vardef name="con" type="textarray" format="#">
        <constraint>
            <inclusion>
                <expr>0</expr>
                <expr>@div{1;2}</expr>
                <expr>@div{@rt{2};2}</expr>
                <expr>@div{@rt{3};2}</expr>
                <expr>-@div{1;2}</expr>
                <expr>-@div{@rt{2};2}</expr>
                <expr>-@div{@rt{3};2}</expr>
            </inclusion>
        </constraint>
    </vardef>
    <vardef name="ans" type="textarray" format="#">
        <constraint>
            <inclusion>
                <expr>@div{&pi;;2}</expr>
                <expr>@div{3&pi;;2}</expr>
                <expr>@div{&pi;;3}</expr>
                <expr>@div{5&pi;;3}</expr>
                <expr>@div{&pi;;4}</expr>
                <expr>@div{7&pi;;4}</expr>
                <expr>@div{&pi;;6}</expr>
                <expr>@div{11&pi;;6}</expr>
                <expr>@div{2&pi;;3}</expr>
                <expr>@div{4&pi;;3}</expr>
                <expr>@div{3&pi;;4}</expr>
                <expr>@div{5&pi;;4}</expr>
                <expr>@div{5&pi;;6}</expr>
                <expr>@div{7&pi;;6}</expr>
            </inclusion>
        </constraint>
    </vardef>
    <vardef name="ansarr" type="textarray" format="#">
        <constraint>
            <inclusion>
                <expr>@div{&pi;;2}</expr>
                <expr>@div{&pi;;3}</expr>
                <expr>@div{&pi;;4}</expr>
                <expr>@div{&pi;;6}</expr>
                <expr>@div{2&pi;;3}</expr>
                <expr>@div{3&pi;;4}</expr>
                <expr>@div{5&pi;;6}</expr>
            </inclusion>
        </constraint>
    </vardef>
    <vardef name="ansarr2" type="textarray" format="#">
        <constraint>
            <inclusion>
                <expr>@div{3&pi;;2}</expr>
                <expr>@div{5&pi;;3}</expr>
                <expr>@div{7&pi;;4}</expr>
                <expr>@div{11&pi;;6}</expr>
                <expr>@div{4&pi;;3}</expr>
                <expr>@div{5&pi;;4}</expr>
                <expr>@div{7&pi;;6}</expr>
            </inclusion>
        </constraint>
    </vardef>
    <vardef name="ans1" type="math">
        <constraint>
            <inclusion>
                <expr>~ansarr[~n\]\</expr>
            </inclusion>
        </constraint>
    </vardef>
    <vardef name="ans2" type="math">
        <constraint>
            <inclusion>
                <expr>~ansarr2[~n\]\</expr>
            </inclusion>
        </constraint>
    </vardef>
    <vardef name="m1" type="math">
        <constraint>
            <inclusion>
                <expr>{@INTEGRAL{}@INTEGRAL{2;1}@SUM{}@SUM{2;3}[[((6@SUB{4})])]@SUPSUB{~n\;4;6}@ABS{~con[1]\}+@NORM{~ans\}}log(~n\)log@SUB{2}(3)@OVERBAR{5}@RT{3;2}@UNDER{lim;3}@VECTOR{4}@ABSL{3+2@ABSR{3}(@BINOM{2;4})}</expr>
            </inclusion>
        </constraint>
    </vardef>
    <vardef name="m2" type="math">
        <constraint>
            <inclusion>
                <expr>{@RT{25}}</expr>
            </inclusion>
        </constraint>
    </vardef>
    <iprostep id="step0">
        <div>
            <p>Use the figure to find all angles between 
                <iproformula alt="" style="" type="text" src="geteq.ashx?eqtext=0" hts-data-equation="0"></iproformula> and 
                <iproformula alt="" style="" type="text" src="geteq.ashx?eqtext=2&pi;" hts-data-equation="2%26pi%3b"></iproformula> satisfying condition 
                <iproformula alt="" style="" type="text" src="geteq.ashx?eqtext= cos&theta;=~con[~n\]\" hts-data-equation="+cos%26theta%3b%3d%24con%5b%24n%5d"></iproformula>.
            </p>
            <p>
                <strong>focus on above equations : vanished!! came back again
                    <br />
                </strong>
            </p>
            <p>this is DEV</p>
            <p></p>
            <div>
                <iproelement_mc elid="2" scramble="no" points="1" columns="1" correct="2">
                    <ipro_mcchoice id="@step.mc@id" version="2" fixed="no" choiceid="1" mcid="2">
                        <p>1212</p>
                    </ipro_mcchoice>
                    <ipro_mcchoice id="@step.mc@id" version="2" fixed="no" choiceid="2" mcid="2">
                        <p>3434</p>
                    </ipro_mcchoice>
                </iproelement_mc>
            </div>
            <p></p>
            <p></p>
            <p>(Use symbolic notation and fractions where needed. Give your answer in the form of comma separated list.)</p>
            <p>
                <iproformula alt="" style="" type="text" src="geteq.ashx?eqtext=&theta;=" hts-data-equation="%26theta%3b%3d"></iproformula>
                <iproelement_short elid="1" id="@step.s@id" version="2" correct="~ans1\,~ans2\" type="math" answerrule="list" size="2"></iproelement_short>
            </p>
            <p>
                <a href="/brainhoney/resource/6726/ebooks.bfwpub.com/calculuset2e/sections/1_4.html" target="_blank">
                    <img src="/brainhoney/resource/6726/bcs.whfreeman.com/webpub/mathematics/rogawskicalculus_bridge/LOR_linking_icons/ebook1.gif" alt="" border="0" />
                </a>
            </p>
            <p>
                <iproformula alt="" style="" type="text" src="geteq.ashx?eqtext=sin(~m1\)+cos(@T{~m1\})" hts-data-equation="sin(%24m1)%2bcos(%40T%7b%24m1%7d)"></iproformula>
            </p>
            <p>
                <iproformula alt="" style="" type="text" src="geteq.ashx?eqtext=~m1\" hts-data-equation="%24m1"></iproformula>
                <strong>math variable which was created inside a T tag</strong>
            </p>
            <p>
                <strong>
                    <iproformula alt="" style="" type="text" src="geteq.ashx?eqtext=@T{~m2\}" hts-data-equation="%40T%7b%24m2%7d"></iproformula> math var inside a T tag , which was created inside a T tag
                    <br />
                </strong>
            </p>
            <p>
                <strong>
                    <iproformula alt="" style="" type="text" src="geteq.ashx?eqtext=@T{~ans1\}" hts-data-equation="%40T%7b%24ans1%7d"></iproformula> math var NOT created inside a T tag but inserted inside a T tag
                    <br />
                </strong>
            </p>
            <p></p>
            <p>
                <iproformula alt="" style="" type="text" src="geteq.ashx?eqtext=@T{(@BINOM{3;4}),sin(2*4)&rightarrow;&leftarrow;&leftrightarrow;&dleftrightarrow;}" hts-data-equation="%40T%7b(%40BINOM%7b3%3b4%7d)%2csin(2*4)%26rightarrow%3b%26leftarrow%3b%26leftrightarrow%3b%26dleftrightarrow%3b%7d"></iproformula>
            </p>
            <p>
                <iproformula alt="" style="" type="text" src="geteq.ashx?eqtext=@T{2&times;3*4*3}" hts-data-equation="%40T%7b2%26times%3b3*4*3%7d"></iproformula>
            </p>
            <p></p>
        </div>
        <div>
            <ipronav navtype="correct" next="step0corr"></ipronav>
            <ipronav navtype="incorrect" next="step0inc"></ipronav>
        </div>
    </iprostep>
    <iprostep id="step0corr">
        <div class="correct">Correct</div>
    </iprostep>
    <iprostep id="step0inc">
        <div class="incorrect">Incorrect</div>
    </iprostep>
    <iprostep id="solution">
        <div>
            <p>
                <strong>SOLUTION</strong>
            </p>
            <p>
                <iproformula alt="" style="" type="text" src="geteq.ashx?eqtext=&theta;=~ans1\,~ans2\" hts-data-equation="%26theta%3b%3d%24ans1%2c%24ans2"></iproformula>
            </p>
            <p></p>
        </div>
    </iprostep>
</iproblem>