<iproblem maxpoints="1">
    <vardef name="ans" type="text">
        <constraint>
            <inclusion>
                <expr>var</expr>
            </inclusion>
        </constraint>
    </vardef>
    <iprostep id="step0">
        <p>This advance question for test</p>
        <p></p>
        <div>
            <iproelement_mc elid="1" scramble="no" points="1" columns="1" correct="1">
                <ipro_mcchoice id="@step.mc@id" version="2" fixed="no" choiceid="1" mcid="1">11</ipro_mcchoice>
                <ipro_mcchoice id="@step.mc@id" version="2" fixed="no" choiceid="2" mcid="1">22</ipro_mcchoice>
                <ipro_mcchoice id="@step.mc@id" version="2" fixed="no" choiceid="3" mcid="1">33</ipro_mcchoice>
            </iproelement_mc>
        </div>
        <div></div>
        <p>
            <iproelement_short elid="4" id="@step.s@id" version="2" correct="sin(22)" type="math" answerrule="any" points="1" size="2"></iproelement_short>
        </p>
    </iprostep>
</iproblem>