<iproblem maxpoints="1">
    <vardef name="k" type="numeric" format="#">
        <constraint>
            <range type="ge">
                <expr>2</expr>
            </range>
            <range type="le">
                <expr>6</expr>
            </range>
        </constraint>
    </vardef>
    <vardef name="init" type="numeric" format="#">
        <constraint>
            <range type="ge">
                <expr>2</expr>
            </range>
            <range type="le">
                <expr>10</expr>
            </range>
        </constraint>
    </vardef>
    <vardef name="a" type="numeric" format="#">
        <constraint>
            <inclusion>
                <expr>~init\+4</expr>
            </inclusion>
        </constraint>
    </vardef>
    <vardef name="c" type="math" format="#">
        <constraint>
            <inclusion>
                <expr>~init\/(~init\-~a\)</expr>
            </inclusion>
        </constraint>
    </vardef>
    <vardef name="ans1" type="math" format="#">
        <constraint>
            <inclusion>
                <expr>~a\/(1-(e^(-~k\*t))/C)</expr>
            </inclusion>
        </constraint>
    </vardef>
    <vardef name="ans2" type="math" format="#">
        <constraint>
            <inclusion>
                <expr>~a\/(1-(e^(-~k\*t))/~c\)</expr>
            </inclusion>
        </constraint>
    </vardef>
    <iprostep id="step0">
        <div></div>
        <p>Find the general solution of the logistic equation</p>
        <p>
            <iproformula alt="" style="" type="text" src="geteq.ashx?eqtext= y'=~k\y(1-@div{y;~a\})" hts-data-equation="+y%27%3d%24ky(1-%40div%7by%3b%24a%7d)"></iproformula>
        </p>
        <p>Then find the particular solution satisfying 
            <iproformula alt="" style="" type="text" src="geteq.ashx?eqtext= y(0)=~init\" hts-data-equation="+y(0)%3d%24init"></iproformula>
        </p>
        <p>(Use symbolic notation and fractions where needed.)</p>
        <p>
            <iproformula alt="" style="" type="text" src="geteq.ashx?eqtext= y=" hts-data-equation="+y%3d"></iproformula>
            <iproelement_short elid="2" id="@step.s@id" version="2" correct="~ans2\" type="math" answerrule="any" size="2"></iproelement_short>
        </p>
        <div>
            <ipronav navtype="correct" next="step0corr"></ipronav>
            <ipronav navtype="incorrect" next="step0inc"></ipronav>
        </div>
    </iprostep>
    <iprostep id="step0corr">
        <div class="correct">Correct feedback</div>
    </iprostep>
    <iprostep id="step0inc">
        <div class="incorrect">Incorrect feedback</div>
    </iprostep>
    <iprostep id="solution">
        <div>
            <p>
                <strong>SOLUTION</strong>
            </p>
            <p>
                <iproformula alt="" style="" type="text" src="geteq.ashx?eqtext= y'=~k\y(1-@div{y;~a\})" hts-data-equation="+y%27%3d%24ky(1-%40div%7by%3b%24a%7d)"></iproformula> is a logistic equation with 
                <iproformula alt="" style="" type="text" src="geteq.ashx?eqtext=k=~k\" hts-data-equation="k%3d%24k"></iproformula> and 
                <iproformula alt="" style="" type="text" src="geteq.ashx?eqtext=A=~a\" hts-data-equation="A%3d%24a"></iproformula>; therefore, the general solution is:
            </p>
            <p>
                <iproformula alt="" style="" type="text" src="geteq.ashx?eqtext= y=~ans1\" hts-data-equation="+y%3d%24ans1"></iproformula>
            </p>
            <p>The initial condition 
                <iproformula alt="" style="" type="text" src="geteq.ashx?eqtext= y(0)=~init\" hts-data-equation="+y(0)%3d%24init"></iproformula> allows us to determine the value of 
                <iproformula alt="" style="" type="text" src="geteq.ashx?eqtext=C" hts-data-equation="C"></iproformula>:
            </p>
            <p>
                <iproformula alt="" style="" type="text" src="geteq.ashx?eqtext=~init\=@div{~a\;1-@div{1;C}}\;     1-@div{1;C}=@div{~a\;~init\}  \s\o C=~c\" hts-data-equation="%24init%3d%40div%7b%24a%3b1-%40div%7b1%3bC%7d%7d%5c%3b+++++1-%40div%7b1%3bC%7d%3d%40div%7b%24a%3b%24init%7d++%5cs%5co+C%3d%24c"></iproformula>
            </p>
            <p>The particular solution is then</p>
            <p>
                <iproformula alt="" style="" type="text" src="geteq.ashx?eqtext= y=~ans2\" hts-data-equation="+y%3d%24ans2"></iproformula>
            </p>
            <p></p>
            <p></p>
        </div>
    </iprostep>
</iproblem>
