<iproblem maxpoints="10">
    <vardef name="sel" type="numeric" format="#">
        <constraint>
            <range type="ge">
                <expr>1</expr>
            </range>
            <range type="le">
                <expr>5</expr>
            </range>
        </constraint>
    </vardef>
    <vardef name="q" type="textarray" format="#">
        <constraint>
            <inclusion>
                <expr>&lt;em&gt;f ' (x) &lt;/em&gt; is an increasing function such that &lt;em&gt;f ''(x) &lt;/em&gt; changes from + to - and then from - to +.</expr>
                <expr>&lt;em&gt;f ' (x) &lt;/em&gt; is an decreasing function such that &lt;em&gt;f ''(x) &lt;/em&gt;changes from + to - and then from - to + .</expr>
                <expr>&lt;em&gt;f ' (x) &lt;/em&gt;&gt; 0 and &lt;em&gt;f ''(x)&lt;/em&gt; &lt; 0 for all &lt;em&gt;x&lt;/em&gt;.</expr>
                <expr>&lt;em&gt;f ' (x) &lt;/em&gt;&lt; 0 for &lt;em&gt;x&lt;/em&gt; &lt; 0 and&lt;em&gt; f '(x) &lt;/em&gt;&gt; 0 for &lt;em&gt;x&lt;/em&gt; &gt; 0</expr>
                <expr>and &lt;em&gt;f ''(x) &lt;/em&gt;&lt; 0 for |&lt;em&gt;x&lt;/em&gt;| &gt; &lt;em&gt;a&lt;/em&gt;</expr>
                <expr>and &lt;em&gt;f ''(x) &lt;/em&gt;&gt; 0 for |&lt;em&gt;x&lt;/em&gt;| &lt; &lt;em&gt;a&lt;/em&gt;.</expr>
                <expr>&lt;em&gt;f ' (x) &lt;/em&gt;&gt; 0 for all &lt;em&gt;x&lt;/em&gt;</expr>
                <expr>and&lt;em&gt; f ''(x)&lt;/em&gt; &lt; 0 for &lt;em&gt;x&lt;/em&gt; &lt; 0 and &lt;em&gt;f ''(x)&lt;/em&gt; &gt; 0 for &lt;em&gt;x&lt;/em&gt; &gt; 0.</expr>
            </inclusion>
        </constraint>
    </vardef>
    <vardef name="ans" type="textarray" format="#">
        <constraint>
            <inclusion>
                <expr>is an increasing function which changes from concave up to concave
down and then from concave down to concave up</expr>
                <expr>is an decreasing function which changes from concave up to concave
down and then from concave down to concave up</expr>
                <expr>is the graph of a function satisfying &lt;em&gt;f (x)&lt;/em&gt; satisfying &lt;em&gt;f '(x) &lt;/em&gt;&gt; 0 and &lt;em&gt;f ''(x)&lt;/em&gt; &lt; 0 for all &lt;em&gt;x&lt;/em&gt;</expr>
                <expr>is the graph of a function satisfying &lt;em&gt;f '(x) &lt;/em&gt;&lt; 0 for &lt;em&gt;x&lt;/em&gt; &lt; 0 and&lt;em&gt; f '(x) &lt;/em&gt;&gt; 0 for &lt;em&gt;x&lt;/em&gt; &gt; 0</expr>
                <expr>and &lt;em&gt;f ''(x) &lt;/em&gt;&lt; 0 for |&lt;em&gt;x&lt;/em&gt;| &gt; &lt;em&gt;a&lt;/em&gt;</expr>
                <expr>and &lt;em&gt;f ''(x) &lt;/em&gt;&gt; 0 for |&lt;em&gt;x&lt;/em&gt;| &lt; &lt;em&gt;a&lt;/em&gt;</expr>
                <expr>is the graph of a function satisfying &lt;em&gt;f (x)&lt;/em&gt; satisfying &lt;em&gt;f '(x) &lt;/em&gt;&gt; 0 for all &lt;em&gt;x&lt;/em&gt;</expr>
                <expr>and&lt;em&gt; f ''(x)&lt;/em&gt; &lt; 0 for &lt;em&gt;x&lt;/em&gt; &lt; 0 and &lt;em&gt;f ''(x)&lt;/em&gt; &gt; 0 for &lt;em&gt;x&lt;/em&gt; &gt; 0</expr>
            </inclusion>
        </constraint>
    </vardef>
    <iprostep id="step0">
        <p>Select the graph of a function 
            <iproformula alt="" style="" type="text" src="geteq.ashx?eqtext= f (x) " hts-data-equation="+f+(x)+"></iproformula> satisfying all of the conditions:
        </p>
        <p>~q[~sel\]\ </p>
        <div>
            <iproelement_mc elid="1" scramble="yes" points="1" columns="1" correct="~sel\">
                <ipro_mcchoice id="@step.mc@id" version="2" fixed="no" choiceid="1" mcid="1">
                    <p>last answer</p>
                </ipro_mcchoice>
            </iproelement_mc>
        </div>
        <p>
            <br />
            <a href="/brainhoney/resource/6726/ebooks.bfwpub.com/calculuset2e/sections/4_4.html" target="_blank">
                <img src="/brainhoney/resource/6726/bcs.whfreeman.com/webpub/mathematics/rogawskicalculus_bridge/LOR_linking_icons/ebook1.gif" alt="" border="0" />
            </a>
        </p>
        <div>
            <ipronav navtype="correct" next="step0corr"></ipronav>
            <ipronav navtype="incorrect" next="step0inc"></ipronav>
        </div>
    </iprostep>
    <iprostep id="step0corr">
        <div class="correct">Correct</div>
    </iprostep>
    <iprostep id="step0inc">
        <div class="incorrect">Incorrect</div>
    </iprostep>
    <iprostep id="solution">
        <p>
            <strong>SOLUTION</strong>
        </p>
        <p>The graph shown below ~ans[~sel\]\  .</p>
        <p>
            <img src="/brainhoney/resource/6726/angel.bfwpub.com/Intellipro/images/r2e_04_04_53_~sel\.png" alt="-" border="0" />
        </p>
    </iprostep>
</iproblem>