<iproblem maxpoints="1">
    <vardef name="a" type="numeric" format="#">
        <constraint>
            <inclusion>
                <expr>1</expr>
            </inclusion>
        </constraint>
    </vardef>
    <vardef name="b" type="numeric" format="#">
        <constraint>
            <inclusion>
                <expr>2</expr>
                <expr>3</expr>
            </inclusion>
        </constraint>
    </vardef>
    <vardef name="c" type="numeric" format="#">
        <constraint>
            <inclusion>
                <expr>6</expr>
                <expr>12</expr>
                <expr>18</expr>
            </inclusion>
        </constraint>
    </vardef>
    <vardef name="x" type="numarray" format="#">
        <constraint>
            <inclusion>
                <expr>1</expr>
                <expr>2</expr>
                <expr>3</expr>
            </inclusion>
        </constraint>
    </vardef>
    <vardef name="m1" type="numeric" format="#">
        <constraint>
            <inclusion>
                <expr>BinomCDF(~a\,~b\,~c\)</expr>
            </inclusion>
        </constraint>
    </vardef>
    <vardef name="m2" type="numeric" format="#">
        <constraint>
            <inclusion>
                <expr>maxmina(~x[]\,-1)</expr>
            </inclusion>
        </constraint>
    </vardef>
    <vardef name="m3" type="numeric" format="#">
        <constraint>
            <inclusion>
                <expr>FaKeFuNcTiOn(~x[~a\]\,~x[maxmina(~x[]\,-1)]\)</expr>
            </inclusion>
        </constraint>
    </vardef>
    <vardef name="m4" type="numeric" format="#">
        <constraint>
            <inclusion>
                <expr>quart(~x[]\,2)</expr>
            </inclusion>
        </constraint>
    </vardef>
    <vardef name="s1" type="numeric" format="#">
        <constraint>
            <inclusion>
                <expr>pow(4,~b\)</expr>
            </inclusion>
        </constraint>
    </vardef>
    <vardef name="s2" type="numeric" format="#">
        <constraint>
            <inclusion>
                <expr>max(~a\,~b\)</expr>
            </inclusion>
        </constraint>
    </vardef>
    <vardef name="s3" type="numeric" format="#">
        <constraint>
            <inclusion>
                <expr>min(~a\,~b\)</expr>
            </inclusion>
        </constraint>
    </vardef>
    <vardef name="s4" type="numeric" format="#">
        <constraint>
            <inclusion>
                <expr>getGCD(~b\,~c\)</expr>
            </inclusion>
        </constraint>
    </vardef>
    <vardef name="s5" type="numeric" format="#">
        <constraint>
            <inclusion>
                <expr>sorta(x[], -1)</expr>
            </inclusion>
        </constraint>
    </vardef>
    <vardef name="s6badvar" type="numeric" format="#">
        <constraint>
            <inclusion>
                <expr>mean(~a\,~b\</expr>
            </inclusion>
        </constraint>
    </vardef>
    <vardef name="s7combo" type="numeric" format="#">
        <constraint>
            <inclusion>
                <expr>BinomCDF(~a\,~b\,~c\)</expr>
                <expr>maxmina(~x[]\,-1)</expr>
                <expr>pow(4,~b\)</expr>
            </inclusion>
        </constraint>
    </vardef>
    <iprostep id="step0">
        <p>a = ~a\  
            <br /> b = ~b\  
            <br /> c = ~c\  
            <br /> x[] = ~x[]\  
            <br /> m1 = ~m1\  
            <br /> m2 = ~m2\  
            <br /> m3 = ~m3\  
            <br /> m4 = ~m4\ 
        </p>
        <div>
            <input class="next" id="@step.next" onclick="javascript:next('next', '@step')" type="button" hide="no" value="Continue" />
        </div>
        <div>
            <ipronav navtype="next" next="step1"></ipronav>
        </div>
    </iprostep>
    <iprostep id="step1">
        <p>s1 = ~s1\  > pow(4,b) returns 4 to the power b</p>
        <p>s2 =~s2\  > max(a,b) Returns the larger of a and b.</p>
        <p>s3 =~s3\  > min(a,b) Returns the smaller of a and b.</p>
        <p>s4 = ~s4\  > getGCD(b,c) Returns the greatest common denominator of b and c</p>
        <p>s5 = ~s5\  > sorta(x[],-1) Returns a sorted copy of a data set. If dir is 1, the data is sorted in ascending order. If dir is -1, it is sorted in descending order. The data (arg) can be either an array , x[] here , or a list of parameters.</p>
        <p>s6badvar = ~s6badvar\  created a bad variable , missing a bracket at the end, save and check xml</p>
        <p>s7combo = ~s7combo\   this is a combination of multiple functions having comma separated values in them used as elements of a numeric list variable (i used m1, m2 and s1 functions in the list). we need to see that editor separates them only at logical places </p>
    </iprostep>
</iproblem>