<?xml version="1.0" encoding="ISO-8859-1"?>

<graph title="" b_color="clear" f_color="0x000000" width="450" height="350" border="no" left="20" right="20" top="30" bottom="20" grid = "yes">  
	<!--func_mc  uri="functions.swf" /-->
	<func_mc  uri="self" />
	<axes xmin="-10" xmax="10" xpos="0" xshowticks="yes" xlabelspacing = "2" xtickspacing = "1" xtitle="" ymin="0"	ymax="0.5" ypos="0" yshowticks="yes" ylabelspacing = "1" ytickspacing = "0.1" ytitle="" yrotate="no">
	</axes>
	<function type="curve" name="f1" color="0xff0000" thickness="2" ftype="y(x)">
		<point x="-10" y="0" />
		<point x="10" y="0" />
	</function>
	<function type="curve" name="f2" color="0xff0000" thickness="2" ftype="y(x)">
		<point x="2" y="0" />
		<point x="4" y="0" />
	</function>
	<function type="curve" name="f3" color="0xff0000" thickness="2" ftype="y(x)">
		<point x="4" y="0" />
		<point x="6" y="0" />
	</function>
	<function type="curve" name="f4" color="0xff0000" thickness="2" ftype="y(x)">
		<point x="6" y="0" />
		<point x="10" y="0" />
	</function>
	<!--function type="curve" name="parab" color="0xff0000" thickness="2" ftype="y(x)" movable="yes">
		<point x="-10" y="0" />
		<point x="10" y="0" />
	</function-->
	<!--polygon name="polyg" color="0x999900" thickness="3" fill="yes">
		<point x="-90" y="60" />
		<point x="-20" y="60" />
		<point x="-20" y="20" />
		<point x="-60" y="20" />
		<point x="-90" y="60" />
	</polygon>
	<function type="line" name="line1" color="0x000000" thickness="2">
		<point x="10" y="20" />
		<point x="100" y="30" />
	</function-->
	<!--function type="curve" name="curve3" color="0x0000ff" thickness="2" ftype="3point">
		<point x="0" y="20" />
		<point x="-30" y="50" />
		<point x="100" y="20" />
	</function>
	<blob type="tracer" name="blob1" color="0x0000ff" thickness="1" vline="yes" hline="yes" radius="2" fill="yes">
		<point x="55" y="55" />
	</blob-->
</graph>
