<?xml version="1.0" encoding="ISO-8859-1"?>

<graph version="2" title="" b_color="clear" f_color="0x000000" width="450" height="350" border="no" left="20" right="20" top="30" bottom="20" grid = "yes">  
	<!--func_mc  uri="functions.swf" /-->
	<func_mc  uri="self" />
	<axes xmin="-10" xmax="10" xpos="0" xshowticks="yes" xlabelspacing = "2" xtickspacing = "2" xtitle="X" ymin="-10"	ymax="10" ypos="0" yshowticks="yes" ylabelspacing = "2" ytickspacing = "2" ytitle="Y" yrotate="no">
	</axes>

	<function type="curve" name="f1" color="0x999900" thickness="2" ftype="y(x)"  datasource="root">
		<point x="-10" y="0" />
		<point x="-5" y="0" />
	</function>
	<function type="curve" name="f2" color="0x009900" thickness="2" ftype="y(x)"  datasource="root">
		<point x="-5" y="0" />
		<point x="-0.01" y="0" />
	</function>
	<function type="curve" name="f3" color="0x009900" thickness="2" ftype="y(x)"  datasource="root">
		<point x="0" y="0" />
		<point x="2.45" y="0" />
	</function>
	<function type="curve" name="f4" color="0x009900" thickness="3" ftype="y(x)"  datasource="root">
		<point x="2.45" y="0" />
		<point x="10" y="0" />
	</function>
	<function type="curve" name="f5" color="0x0099ff" thickness="3" ftype="y(x)"  datasource="root">
		<point x="-2" y="0" />
		<point x="2" y="0" />
	</function>

	<polygon type="polygon" name="p1" color="0xFF33CC" thickness="1" movable="no" fill="no" alpha="100" dots="yes" radius="1.5">
	</polygon>
	<polygon type="polygon" name="p2" color="0x9900CC" thickness="2" movable="no" fill="no" alpha="100" dots="no" radius="1.5">
	</polygon>

	<polygon type="scatter" name="s1" color="0xff0000" thickness="1" movable="no" fill="no" alpha="100" radius="3">
	</polygon>
	<polygon type="scatter" name="s2" color="0xff9900" thickness="1" movable="no" fill="yes" alpha="100" radius="5">
	</polygon>

	<polygon type="bars" name="h1" color="0x669900" thickness="1" movable="no" fill="yes" alpha="30" gradient="yes"  wbar="1" >
	</polygon>
	<polygon type="bars" name="h2" color="0x99CC00" thickness="1" movable="no" fill="yes" alpha="30" gradient="yes" wbar="0.7" >
	</polygon>
</graph>
