<iproblem maxpoints="1">
    <vardef name="a" type="numarray" format="#">
        <constraint>
            <inclusion>
                <expr>1</expr>
                <expr>2</expr>
                <expr>3</expr>
                <expr>~b\</expr>
                <expr>~b\+1</expr>
            </inclusion>
        </constraint>
    </vardef>
    <vardef name="b" type="numeric" format="#">
        <constraint>
            <inclusion>
                <expr>6</expr>
                <expr>7</expr>
                <expr>8</expr>
            </inclusion>
        </constraint>
    </vardef>
    <vardef name="c" type="numeric" format="#">
        <constraint>
            <range type="gt">
                <expr>~a[4]\</expr>
            </range>
            <range type="lt">
                <expr>10</expr>
            </range>
            <exclusion>
                <expr>4</expr>
            </exclusion>
        </constraint>
    </vardef>
    <vardef name="t3" type="textarray" format="#">
        <constraint>
            <inclusion>
                <expr>text one</expr>
                <expr>text two</expr>
                <expr>text three</expr>
            </inclusion>
        </constraint>
    </vardef>
    <vardef name="t2" type="textarray" format="#">
        <constraint>
            <inclusion>
                <expr>ok</expr>
                <expr>not ok</expr>
            </inclusion>
        </constraint>
    </vardef>
    <vardef name="t1" type="text" format="#">
        <constraint>
            <inclusion>
                <expr>~t2[]\</expr>
            </inclusion>
        </constraint>
        <constraint>
            <inclusion>
                <expr>~t3[2]\</expr>
            </inclusion>
            <condition type="ge">
                <expr>~c\</expr>
                <expr>3</expr>
            </condition>
        </constraint>
    </vardef>
    <vardef name="i" type="numeric" format="#">
        <constraint>
            <range type="ge">
                <expr>1</expr>
            </range>
            <range type="le">
                <expr>3</expr>
            </range>
        </constraint>
    </vardef>
    <vardef name="m2" type="math" format="#">
        <constraint>
            <inclusion>
                <expr>@RT{~a[2]\&plusminus;~c\}</expr>
            </inclusion>
        </constraint>
    </vardef>
    <vardef name="e" type="matharray" format="#">
        <constraint>
            <inclusion>
                <expr>~f\+@ABS{~b\}</expr>
                <expr>sin(~f\)</expr>
                <expr>~m2\@RT{~e[~i\]\}</expr>
            </inclusion>
        </constraint>
    </vardef>
    <vardef name="f" type="math" format="#">
        <constraint>
            <inclusion>
                <expr>@DIV{~e[~i\]\;5}</expr>
            </inclusion>
        </constraint>
    </vardef>
    <vardef name="m1" type="math" format="#">
        <constraint>
            <inclusion>
                <expr>~m2\+~a[2]\</expr>
            </inclusion>
        </constraint>
        <constraint>
            <inclusion>
                <expr>~e[~i\]\+sin@SUP{-1}(~c\)</expr>
            </inclusion>
            <condition type="ge">
                <expr>~b\</expr>
                <expr>8</expr>
            </condition>
        </constraint>
    </vardef>
    <iprostep id="step0">
        <p>b = ~b\ </p>
        <p></p>
        <p>a = ~a[]\ </p>
        <p></p>
        <p>c = ~c\ </p>
        <p></p>
        <p>t1 = ~t1\ </p>
        <p></p>
        <p>t2 = ~t2[]\ </p>
        <p></p>
        <p>t3 = ~t3[]\ </p>
        <p></p>
        <p>m1 = 
            <iproformula alt="" style="" type="text" src="geteq.ashx?eqtext=~m1\" hts-data-equation="%24m1"></iproformula> {m2+a[2] when b>= 8 then e[i] + sin inverse (c)}
        </p>
        <p></p>
        <p>m2= 
            <iproformula alt="" style="" type="text" src="geteq.ashx?eqtext=~m2\" hts-data-equation="%24m2"></iproformula> {a[2]+-c}
        </p>
        <p></p>
        <p>e = 
            <iproformula alt="" style="" type="text" src="geteq.ashx?eqtext=~e[]\" hts-data-equation="%24e%5b%5d"></iproformula> {f+|b| ; sin f ; m2 root(e(i))}
        </p>
        <p></p>
        <p>f = 
            <iproformula alt="" style="" type="text" src="geteq.ashx?eqtext=~f\" hts-data-equation="%24f"></iproformula> {e[i] / 5}
        </p>
        <p></p>
        <p>i = ~i\ </p>
    </iprostep>
</iproblem>