<?xml version="1.0" encoding="UTF-8"?>
<!DOCTYPE suite SYSTEM "http://testng.org/testng-1.0.dtd">

<suite verbose="0" name="SmokeTest" parallel="tests" thread-count="2">

	<listeners>
		<listener class-name="com.qait.automation.report.CustomReport_Automation_New" />
	</listeners>

	<test name="LoginLogout_Test" preserve-order="true">
		<classes>
			<class name="com.qait.highschool.tests.LoginLogout_Test"></class>
		</classes>
	</test>

	<test name="Search_Test" preserve-order="true">
		<classes>
			<class name="com.qait.highschool.tests.Search_Test"></class>
		</classes>
	</test>

	<test name="FindYourRep_Test" preserve-order="true">
		<classes>
			<class name="com.qait.highschool.tests.FindYourRep_Test"></class>
		</classes>
	</test>

	<test name="HighSchoolHome_Test" preserve-order="true">
		<classes>
			<class name="com.qait.highschool.tests.HighSchoolHome_Test"></class>
		</classes>
	</test>

	<test name="ExploreSubject_Test" preserve-order="true">
		<classes>
			<class name="com.qait.highschool.tests.ExploreSubject_Test"></class>
		</classes>
	</test>

	<test name="eLearning_Test" preserve-order="true">
		<classes>
			<class name="com.qait.highschool.tests.ELearning_Test"></class>
		</classes>
	</test>

	<test name="OurStory_Test" preserve-order="true">
		<classes>
			<class name="com.qait.highschool.tests.OurStory_Test"></class>
		</classes>
	</test>

	<test name="WhoAreYou_Test" preserve-order="true">
		<classes>
			<class name="com.qait.highschool.tests.WhoAreYou_Test"></class>
		</classes>
	</test>

	<test name="ContactUs_Test" preserve-order="true">
		<classes>
			<class name="com.qait.highschool.tests.ContactUs_Test"></class>
		</classes>
	</test>

	<test name="BookBag_Test" preserve-order="true">
		<classes>
			<class name="com.qait.highschool.tests.BookBag_Test"></class>
		</classes>
	</test>

	<test name="RequestInstructorAccess_Test" preserve-order="true">
		<classes>
			<class name="com.qait.highschool.tests.RequestInstructorAccess_Test"></class>
		</classes>
	</test>

</suite>