<?xml version="1.0" encoding="UTF-8"?>
<suite name="CloudSmokeTest" preserve-order="true" thread-count="9"
	parallel="tests">
	<parameter name="book" value="lunsford" />

	<listeners>
		<listener class-name="com.qait.automation.report.CustomReport_Automation_New" />
	</listeners>

	<test name="XBook Redesign - Smoke_Test">
		<classes>
			<class name="com.qait.xbook.tests.Smoke_Test" />
		</classes>
	</test>

	<test name="XBook Redesign - Semantic_Search_Test">
		<classes>
			<class name="com.qait.xbook.tests.Semantic_Search_Test" />
		</classes>
	</test>

	<test name="XBook Redesign -Sanity_Test">
		<classes>
			<class name="com.qait.xbook.tests.Sanity_Test" />
		</classes>
	</test>

</suite>