<?xml version="1.0" encoding="UTF-8"?>
<suite name="XBook Redesign Selenium Automated Tests"
	preserve-order="true" thread-count="9" parallel="tests">
	<parameter name="book" value="lunsford" />

	<listeners>
		<listener class-name="com.qait.automation.report.CustomReport_Automation_New" />
	</listeners>

	<test name="XBook Redesign - Create Notes From Existing Highlight TC_001">
		<classes>
			<class name="com.qait.xbook.tests.Add_Notes_To_Existing_Highlight_Test" />
		</classes>
	</test>

	<test name="XBook Redesign - Assignment Creation Test TC_002">
		<classes>
			<class name="com.qait.xbook.tests.Assignment_Creation_Test" />
		</classes>
	</test>

	<test name="XBook Redesign - Assignment Management Card Test TC_003">
		<classes>
			<class name="com.qait.xbook.tests.Assignment_Management_Card_Test" />
		</classes>
	</test>

	<test name="XBook Redesign - Content Toc and Navigation TC_004">
		<classes>
			<class name="com.qait.xbook.tests.Content_TOC_And_Navigation_Test" />
		</classes>
	</test>

	<test name="XBook Redesign - Course Creation Activation TC_005">
		<classes>
			<class name="com.qait.xbook.tests.Course_Creation_Activation_Test" />
		</classes>
	</test>

	<test name="XBook Redesign - Create_Hightlight_Test_006">
		<classes>
			<class name="com.qait.xbook.tests.Create_Highlight_Test" />
		</classes>
	</test>

	<test name="XBook Redesign - Create Resource And FandE Modification TC_007">
		<classes>
			<class
				name="com.qait.xbook.tests.Create_Resource_And_Fne_Modification_Test" />
		</classes>
	</test>

	<test name="XBook Redesign - Ebook Test TC_008">
		<classes>
			<class name="com.qait.xbook.tests.Ebook_Test" />
		</classes>
	</test>

	<test name="XBook Redesign - Hide Unhide Test TC_009">
		<classes>
			<class name="com.qait.xbook.tests.Hide_Unhide_Test" />
		</classes>
	</test>

	<test name="XBook Redesign - Create NotesTest TC_010">
		<classes>
			<class name="com.qait.xbook.tests.Instructor_Create_Notes_Test" />
		</classes>
	</test>

	<test name="XBook Redesign - Learning Curve Test TC_011">
		<classes>
			<class name="com.qait.xbook.tests.Learning_Curve_Test" />
		</classes>
	</test>

	<test name="XBook Redesign - Lock_Unlock_Notes_Test_012">
		<classes>
			<class name="com.qait.xbook.tests.Lock_Unlock_Notes_Test" />
		</classes>
	</test>

	<test name="XBook Redesign - Maximize and Minimize Notes TC_013">
		<classes>
			<class name="com.qait.xbook.tests.Minimize_Maximize_Notes_Test" />
		</classes>
	</test>

	<test name="XBook Redesign - Private Notes and Student Create Notes TC_014">
		<classes>
			<class
				name="com.qait.xbook.tests.Private_Notes_And_Student_Create_Notes_Test" />
		</classes>
	</test>

	<test name="XBook Redesign - Quiz Creation And Attempt TC_015">
		<classes>
			<class name="com.qait.xbook.tests.Quiz_Creation_And_Attempt_Test" />
		</classes>
	</test>

	<test name="XBook Redesign - Resources Test TC_016">
		<classes>
			<class name="com.qait.xbook.tests.Resources_Test" />
		</classes>
	</test>

	<test name="XBook Redesign - Semantic Search TC_017">
		<classes>
			<class name="com.qait.xbook.tests.Semantic_Search_Test" />
		</classes>
	</test>

	<test name="XBook Redesign - Navigation Between Tabs TC_018">
		<classes>
			<class name="com.qait.xbook.tests.Toggle_Between_Tabs_Test" />
		</classes>
	</test>

	<test name="XBook Redesign - Unique URL Test TC_019">
		<classes>
			<class name="com.qait.xbook.tests.Unique_URL_Test" />
		</classes>
	</test>

</suite>
