<?xml version="1.0" encoding="UTF-8"?>
<suite name="XBook Redesign Selenium Automated Tests"
	preserve-order="true" thread-count="9" parallel="tests">
	<parameter name="book" value="lunsford" />

	<test name="XBook Redesign - Course Creation Activation TC_005">
		<classes>
			<class name="com.qait.xbook.tests.Course_Creation_Activation_Test" />
		</classes>
	</test>

	<test name="XBook Redesign - Create_Hightlight_Test_006">
		<classes>
			<class name="com.qait.xbook.tests.Create_Highlight_Test" />
		</classes>
	</test>
	<test name="XBook Redesign - Create Resource And FandE Modification TC_007">
		<classes>
			<class
				name="com.qait.xbook.tests.Create_Resource_And_Fne_Modification_Test" />
		</classes>
	</test>

	<test name="XBook Redesign - Ebook Test TC_008">
		<classes>
			<class name="com.qait.xbook.tests.Ebook_Test" />
		</classes>
	</test>
	<test name="XBook Redesign - Assignment Management Card Test TC_003">
		<classes>
			<class name="com.qait.xbook.tests.Assignment_Management_Card_Test" />
		</classes>
	</test>

	<test name="XBook Redesign - Content Toc and Navigation TC_004">
		<classes>
			<class name="com.qait.xbook.tests.Content_TOC_And_Navigation_Test" />
		</classes>
	</test>
	<test name="XBook Redesign - Assignment Creation Test TC_002">
		<classes>
			<class name="com.qait.xbook.tests.Assignment_Creation_Test" />
		</classes>
	</test>
</suite>
	