<?xml version="1.0" encoding="UTF-8"?>
<!DOCTYPE suite SYSTEM "http://testng.org/testng-1.0.dtd">
<suite verbose="0" name="sanity" preserve-order="false">
	<parameter name="book" value="lunsford" />

<listeners>
		<listener class-name="com.qait.automation.report.CustomReport_Automation_New" />
	</listeners>

	<test name="Content_TOC_And_Navigation_Test">
		<classes>
			<class name="com.qait.xbook.tests.Content_TOC_And_Navigation_Test" />
		</classes>
	</test>

	<test name="Semantic_Search_Test">
		<classes>
			<class name="com.qait.xbook.tests.Semantic_Search_Test" />
		</classes>
	</test>
	
	<test name="Sanity_Test">
		<classes>
			<class name="com.qait.xbook.tests.Sanity_Test" />
		</classes>
	</test>
</suite>