<?xml version="1.0" encoding="UTF-8"?>
<!DOCTYPE suite SYSTEM "http://testng.org/testng-1.0.dtd">
<suite verbose="0" name="TestNG" preserve-order="false" parallel="tests"
	thread-count="4">
	<parameter name="book" value="lunsford" />
	<test name="CourseCleanUp1" preserve-order="true">
		<parameter name="username" value="automation.test1.instructor@macmillan.com" />
		<classes>
			<class name="com.qait.xbook.tests.CourseCleanUp1" />
		</classes>
	</test>

	<test name="CourseCleanUp2" preserve-order="true">
		<parameter name="username" value="automation.test2.instructor@macmillan.com" />
		<classes>
			<class name="com.qait.xbook.tests.CourseCleanUp1" />
		</classes>
	</test>

	<test name="CourseCleanUp3" preserve-order="true">
		<parameter name="username" value="automation.test3.instructor@macmillan.com" />
		<classes>
			<class name="com.qait.xbook.tests.CourseCleanUp1" />
		</classes>
	</test>

	<test name="CourseCleanUp4" preserve-order="true">
		<parameter name="username" value="automation.test4.instructor@macmillan.com" />
		<classes>
			<class name="com.qait.xbook.tests.CourseCleanUp1" />
		</classes>
	</test>

	<test name="CourseCleanUp5" preserve-order="true">
		<parameter name="username" value="automation.test5.instructor@macmillan.com" />
		<classes>
			<class name="com.qait.xbook.tests.CourseCleanUp1" />
		</classes>
	</test>

	<test name="CourseCleanUp6" preserve-order="true">
		<parameter name="username" value="automation.test6.instructor@macmillan.com" />
		<classes>
			<class name="com.qait.xbook.tests.CourseCleanUp1" />
		</classes>
	</test>

	<test name="CourseCleanUp7" preserve-order="true">
		<parameter name="username" value="automation.test7.instructor@macmillan.com" />
		<classes>
			<class name="com.qait.xbook.tests.CourseCleanUp1" />
		</classes>
	</test>

	<test name="CourseCleanUp8" preserve-order="true">
		<parameter name="username" value="automation.test8.instructor@macmillan.com" />
		<classes>
			<class name="com.qait.xbook.tests.CourseCleanUp1" />
		</classes>
	</test>

	<test name="CourseCleanUp9" preserve-order="true">
		<parameter name="username" value="automation.test9.instructor@macmillan.com" />
		<classes>
			<class name="com.qait.xbook.tests.CourseCleanUp1" />
		</classes>
	</test>

	<test name="CourseCleanUp10" preserve-order="true">
		<parameter name="username" value="automation.test10.instructor@macmillan.com" />
		<classes>
			<class name="com.qait.xbook.tests.CourseCleanUp1" />
		</classes>
	</test>
</suite>