<?xml version="1.0" encoding="UTF-8"?>
<suite name="Prod Sanity" parallel="tests" thread-count="3">
	<parameter name="suiteType" value="QBA Sanity Checklist" />
	<parameter name="productID" value="30" />
	<parameter name="suiteID" value="2623" />

	<listeners>
		<listener class-name="com.qait.automation.report.CustomReport_Automation_New" />
	</listeners>

	<test name="QBA Basic Flows" preserve-order="true">
		<classes>
			<class name="com.qait.QBA.sanity.Sanity_QBA" />
		</classes>
	</test>
	
	<test name="Metadata And Question Pools" preserve-order="true">
		<classes>
			<class name="com.qait.QBA.sanity.Sanity_Metadata_And_QuestionPool" />
		</classes>
	</test>
	
	<test name="Tagging To Metadata And Pre Made" preserve-order="true">
		<classes>
			<class name="com.qait.QBA.ProdSanity.Sanity_LP_QBA_Integration" />
		</classes>
	</test>

</suite>