<?xml version="1.0" encoding="UTF-8"?>
<suite name="QBA Selenium Automated Tests" parallel="tests"
	thread-count="2">

	<listeners>
		<listener class-name="com.qait.automation.report.CustomReport_Automation_New" />
	</listeners>


	<test name="QBA - Add and Remove Column in the Title"
		preserve-order="true">
		<classes>
			<class name="com.qait.QBA.tests.Add_And_Remove_Column_Test" />
		</classes>
	</test>


	<test name="QBA - Creation of Essay Type Question" preserve-order="true">
		<classes>
			<class name="com.qait.QBA.tests.Essay_Type_Question_Test" />
		</classes>
	</test>


	<test name="QBA - Creation of Matching Type Question"
		preserve-order="true">
		<classes>
			<class name="com.qait.QBA.tests.Matching_Type_Question_Test" />
		</classes>
	</test>


	<test name="QBA - Creation of Multiple Answer Type Question"
		preserve-order="true">
		<classes>
			<class name="com.qait.QBA.tests.Multiple_Answer_Type_Question_Test" />
		</classes>
	</test>


	<test name="QBA - Creation of Advance Type Question"
		preserve-order="true">
		<classes>
			<class name="com.qait.QBA.tests.Advance_Type_Question_Test" />
		</classes>
	</test>


	<test name="QBA - Import Question to another Title"
		preserve-order="true">
		<classes>
			<class name="com.qait.QBA.tests.Import_Question_Test" />
		</classes>
	</test>


	<test name="QBA - Create and Delete Newly Created question"
		preserve-order="true">
		<classes>
			<class name="com.qait.QBA.tests.Create_And_Deleted_New_Question_Test" />
		</classes>
	</test>


	<test name="QBA - Question Action Menu (Flag, Duplicate, etc.)"
		preserve-order="true">
		<classes>
			<class name="com.qait.QBA.tests.Question_Menu_Test" />
		</classes>
	</test>

	<test
		name="QBA - Delete_Non_Standard_Metadata_From_Metadata_Config_Tab_Test"
		preserve-order="true">
		<classes>
			<class
				name="com.qait.QBA.tests.Delete_Non_Standard_Metadata_From_Metadata_Config_Tab_Test" />
		</classes>
	</test>

	<test name="QBA - Add_and_Tag_New_Metadata_From_Metadata_Config_Tab_Test"
		preserve-order="true">
		<classes>
			<class
				name="com.qait.QBA.tests.Add_and_Tag_New_Metadata_From_Metadata_Config_Tab_Test" />
		</classes>
	</test>

	<test name="QBA - Change Question Status" preserve-order="true">
		<classes>
			<class name="com.qait.QBA.tests.Question_Status_Test" />
		</classes>
	</test>

	<test name="QBA - Sorting Question Table" preserve-order="true">
		<classes>
			<class name="com.qait.QBA.tests.Sorting_For_Question_Test" />
		</classes>
	</test>


	<test
		name="AA-2164 (Automation Story of AA-1510 User Story) - Moving Chapter Field to MetaData Config Tab"
		preserve-order="true">
		<classes>
			<class name="com.qait.QBA.tests.AA.AA_2164_Test" />
		</classes>
	</test>


	<test
		name="AA-2370 (Automation Story of AA-2144 User Story) - Question list Tool Bar"
		preserve-order="true">
		<classes>
			<class name="com.qait.QBA.tests.AA.AA_2370_Test" />
		</classes>
	</test>


	<test
		name="AA-2455 (Automation Story of AA-2147 User Story) - Question Ordering in Pre-Build Quiz"
		preserve-order="true">
		<classes>
			<class name="com.qait.QBA.tests.AA.AA_2455_Test" />
		</classes>
	</test>


	<test
		name="AA-2454 (Automation Story of AA-2153 User Story) - Updating Sequence No. of questions should update order of Pre-Build Assessment"
		preserve-order="true">
		<classes>
			<class name="com.qait.QBA.tests.AA.AA_2454_Test" />
		</classes>
	</test>


	<test
		name="AA-2450 (Automation Story of AA-1948 User Story) - Tagging of Question to Pre-built quizzes through QBA"
		preserve-order="true">
		<classes>
			<class name="com.qait.QBA.tests.AA.AA_2450_Test" />
		</classes>
	</test>


	<test
		name="AA-2451 (Automation Story of AA-2187 User Story) - Tagging and Un-Tagging Questions from Pre-Build Quiz"
		preserve-order="true">
		<classes>
			<class name="com.qait.QBA.tests.AA.AA_2451_Test" />
		</classes>
	</test>


	<test
		name="AA-2711 (Automation Story of AA-2313 Bug) - Intermittent Error during switch between Recently Added Questions and Main Questions tab"
		preserve-order="true">
		<classes>
			<class name="com.qait.QBA.tests.AA.AA_2711_Test" />
		</classes>
	</test>


	<test name="AA-2335 (Automation Story of AA-1585 User Story)"
		preserve-order="true">
		<classes>
			<class name="com.qait.QBA.tests.AA.AA_2335_Test" />
		</classes>
	</test>


	<test name="AA-2438 (Automation Story of AA-2191 User Story)"
		preserve-order="true">
		<classes>
			<class name="com.qait.QBA.tests.AA.AA_2438_Test" />
		</classes>
	</test>


	<test name="AA-2441 (Automation Story of AA-871 User Story)"
		preserve-order="true">
		<classes>
			<class name="com.qait.QBA.tests.AA.AA_2441_Test" />
		</classes>
	</test>


	<test name="AA-2442 (Automation Story of AA-1441 User Story)"
		preserve-order="true">
		<classes>
			<class name="com.qait.QBA.tests.AA.AA_2442_Test" />
		</classes>
	</test>


	<test name="AA-2456 (Automation Story of AA-1946 User Story)"
		preserve-order="true">
		<classes>
			<class name="com.qait.QBA.tests.AA.AA_2456_Test" />
		</classes>
	</test>


	<test name="AA-2457 (Automation Story of AA-2274 User Story)"
		preserve-order="true">
		<classes>
			<class name="com.qait.QBA.tests.AA.AA_2457_Test" />
		</classes>
	</test>


	<test name="AA-2458 (Automation Story of AA-2273 User Story)"
		preserve-order="true">
		<classes>
			<class name="com.qait.QBA.tests.AA.AA_2458_Test" />
		</classes>
	</test>


	<test name="AA-2459 (Automation Story of AA-2252 User Story)"
		preserve-order="true">
		<classes>
			<class name="com.qait.QBA.tests.AA.AA_2459_Test" />
		</classes>
	</test>


	<test name="AA-2707 (Automation Story of AA-2259 User Story)"
		preserve-order="true">
		<classes>
			<class name="com.qait.QBA.tests.AA.AA_2707_Test" />
		</classes>
	</test>


	<test name="AA-2708 (Automation Story of AA-2244 User Story)"
		preserve-order="true">
		<classes>
			<class name="com.qait.QBA.tests.AA.AA_2708_Test" />
		</classes>
	</test>


	<test name="AA-2709 (Automation Story of AA-2238 User Story)"
		preserve-order="true">
		<classes>
			<class name="com.qait.QBA.tests.AA.AA_2709_Test" />
		</classes>
	</test>


	<test name="AA-2312_2319_2440" preserve-order="true">
		<classes>
			<class name="com.qait.QBA.tests.AA.AA_2312_2319_2440_Tests" />
		</classes>
	</test>


	<test name="AA-2305 (Automation Story of AA-1639 User Story)"
		preserve-order="true">
		<classes>
			<class name="com.qait.QBA.tests.AA.AA_2305_Test" />
		</classes>
	</test>


	<test name="AA-2443 (Automation Story of AA-2121 User Story)"
		preserve-order="true">
		<classes>
			<class name="com.qait.QBA.tests.AA.AA_2443_Test" />
		</classes>
	</test>


	<test name="AA-2239_2243_2255_2261_2265_2264_2263" preserve-order="true">
		<classes>
			<class
				name="com.qait.QBA.tests.AA.AA_2239_2243_2255_2261_2265_2264_2263_Tests" />
		</classes>
	</test>

	<!-- Execute locally <test name="AA-3601 (Automation Story of AA-2987 User 
		Story)" preserve-order="true"> <classes> <class name="com.qait.QBA.tests.AA.AA_3601_Test"
		/> </classes> </test> -->

	<test name="QBA - Creation of Multiple Choice Type Question"
		preserve-order="true">
		<classes>
			<class name="com.qait.QBA.tests.Multiple_Choice_Questions_Test" />
		</classes>
	</test>


	<test name="AA-4454 - Creation of Fill in The Blank Question"
		preserve-order="true">
		<classes>
			<class name="com.qait.QBA.tests.AA.AA_4454_Fill_In_The_Blank" />
		</classes>
	</test>


	<test name="AA-2461" preserve-order="true">
		<classes>
			<class name="com.qait.QBA.tests.AA.AA_2461_Test" />
		</classes>
	</test>


	<test name="QBA - Standard_Metadata_Locked_From_Metadata_Config_Tab_Test"
		preserve-order="true">
		<classes>
			<class
				name="com.qait.QBA.tests.Standard_Metadata_Locked_From_Metadata_Config_Tab_Test" />
		</classes>
	</test>

	<!-- <test name="QBA - Create_New_Repository_From_Titles_Page_Test" preserve-order="true"> 
		<classes> <class name="com.qait.QBA.tests.Create_New_Repository_From_Titles_Page_Test" 
		/> </classes> </test> -->


	<test
		name="QBA - Select_Different_Titles_From_Title_Dropdown_and_Pagination_Test"
		preserve-order="true">
		<classes>
			<class
				name="com.qait.QBA.tests.Select_Different_Titles_From_Title_Dropdown_and_Pagination_Test" />
		</classes>
	</test>

	<test name="QBA - Question_Pool_Feature_Test" preserve-order="true">
		<classes>
			<class name="com.qait.QBA.tests.Question_Pool_Feature_Test" />
		</classes>
	</test>

	<!-- NOTE: Obsolete Functionality -->

	<!-- <test name="QBA - MetaData Config" preserve-order="true"> <classes> 
		<class name="com.qait.QBA.tests.Metadata_Config_Test" /> </classes> </test> 
		<test name="QBA - User Management" preserve-order="true"> <classes> <class 
		name="com.qait.QBA.tests.User_Management_Test" /> </classes> </test> <test 
		name="QBA - Creation of Graph Type Question" preserve-order="true"> <classes> 
		<class name="com.qait.QBA.tests.Graph_Exercise_Test" /> </classes> </test> 
		******** NOTE: Will fix these test classes when newly created scripts are 
		stable ******** <test name="QBA - Create Draft and Publish the Question" 
		preserve-order="true"> <classes> <class name="com.qait.QBA.tests.Publish_Question_Test" 
		/> </classes> </test> <test name="QBA - Question Filtering" preserve-order="true"> 
		<classes> <class name="com.qait.QBA.tests.Question_Filter_Test" /> </classes> 
		</test> <test name="QBA - Edit Question" preserve-order="true"> <classes> 
		<class name="com.qait.QBA.tests.Edit_Question_Test" /> </classes> </test> 
		<test name="QBA - Shared Question Functionality" preserve-order="true"> <classes> 
		<class name="com.qait.QBA.tests.Shared_Question_Test" /> </classes> </test> -->


	<!-- <suite-files> <suite-file path="./QBA_SequenceRun.xml" /> </suite-files> -->


</suite>