<?xml version="1.0" encoding="UTF-8"?>
<suite name="SmokeTest" parallel="tests" thread-count="3">

	<listeners>
		<listener class-name="com.qait.automation.report.CustomReport_Automation_New" />
	</listeners>


	<test name="QBA - Add and Remove Column in the Title"
		preserve-order="true">
		<classes>
			<class name="com.qait.QBA.tests.Add_And_Remove_Column_Test" />
		</classes>
	</test>

	<test name="AA-2305 (Automation Story of AA-1639 User Story)"
		preserve-order="true">
		<classes>
			<class name="com.qait.QBA.tests.AA.AA_2305_Test" />
		</classes>
	</test>

	<test name="QBA - Create_New_Repository_From_Titles_Page_Test"
		preserve-order="true">
		<classes>
			<class
				name="com.qait.QBA.tests.Create_New_Repository_From_Titles_Page_Test" />
		</classes>
	</test>


	<test
		name="QBA - Select_Different_Titles_From_Title_Dropdown_and_Pagination_Test"
		preserve-order="true">
		<classes>
			<class
				name="com.qait.QBA.tests.Select_Different_Titles_From_Title_Dropdown_and_Pagination_Test" />
		</classes>
	</test>


	<test name="AA-2451 (Automation Story of AA-2187 User Story)"
		preserve-order="true">
		<classes>
			<class name="com.qait.QBA.tests.AA.AA_2451_Test" />
		</classes>
	</test>


	<test name="AA-4454 - Creation of Multiple Choice Type Question"
		preserve-order="true">
		<classes>
			<class name="com.qait.QBA.tests.Multiple_Choice_Questions_Test" />
		</classes>
	</test>


	<test name="AA-4454 - Creation of Fill in The Blank Question"
		preserve-order="true">
		<classes>
			<class name="com.qait.QBA.tests.AA.AA_4454_Fill_In_The_Blank" />
		</classes>
	</test>


	<test name="QBA - Creation of Essay Type Question" preserve-order="true">
		<classes>
			<class name="com.qait.QBA.tests.Essay_Type_Question_Test" />
		</classes>
	</test>


	<test name="QBA - Creation of Matching Type Question"
		preserve-order="true">
		<classes>
			<class name="com.qait.QBA.tests.Matching_Type_Question_Test" />
		</classes>
	</test>


	<test name="QBA - Creation of Multiple Answer Type Question"
		preserve-order="true">
		<classes>
			<class name="com.qait.QBA.tests.Multiple_Answer_Type_Question_Test" />
		</classes>
	</test>


	<test name="QBA - Creation of Advance Type Question"
		preserve-order="true">
		<classes>
			<class name="com.qait.QBA.tests.Advance_Type_Question_Test" />
		</classes>
	</test>


	<test name="AA-2312_2319_2440" preserve-order="true">
		<classes>
			<class name="com.qait.QBA.tests.AA.AA_2312_2319_2440_Tests" />
		</classes>
	</test>


	<test name="AA-2239_2243_2255_2261_2265_2264_2263" preserve-order="true">
		<classes>
			<class
				name="com.qait.QBA.tests.AA.AA_2239_2243_2255_2261_2265_2264_2263_Tests" />
		</classes>
	</test>


	<test name="AA-2461" preserve-order="true">
		<classes>
			<class name="com.qait.QBA.tests.AA.AA_2461_Test" />
		</classes>
	</test>


	<test name="AA-2442 (Automation Story of AA-1441 User Story)"
		preserve-order="true">
		<classes>
			<class name="com.qait.QBA.tests.AA.AA_2442_Test" />
		</classes>
	</test>


	<test name="QBA - Standard_Metadata_Locked_From_Metadata_Config_Tab_Test"
		preserve-order="true">
		<classes>
			<class
				name="com.qait.QBA.tests.Standard_Metadata_Locked_From_Metadata_Config_Tab_Test" />
		</classes>
	</test>

	<test
		name="QBA - Delete_Non_Standard_Metadata_From_Metadata_Config_Tab_Test"
		preserve-order="true">
		<classes>
			<class
				name="com.qait.QBA.tests.Delete_Non_Standard_Metadata_From_Metadata_Config_Tab_Test" />
		</classes>
	</test>

	<test name="QBA - Add_and_Tag_New_Metadata_From_Metadata_Config_Tab_Test"
		preserve-order="true">
		<classes>
			<class
				name="com.qait.QBA.tests.Add_and_Tag_New_Metadata_From_Metadata_Config_Tab_Test" />
		</classes>
	</test>

	<test name="QBA - Question_Pool_Feature_Test" preserve-order="true">
		<classes>
			<class name="com.qait.QBA.tests.Question_Pool_Feature_Test" />
		</classes>
	</test>

	<test name="AA-2443 (Automation Story of AA-2121 User Story)"
		preserve-order="true">
		<classes>
			<class name="com.qait.QBA.tests.AA.AA_2443_Test" />
		</classes>
	</test>


	<!-- Executes in QPv2 smoke test suite <test name="AA-2590 - (Tag with some 
		Metadata and Change Authoring status to Available to Instructor)" preserve-order="true"> 
		<classes> <class name="com.qait.QPv2.tests.AA.AA_2590_Test" /> </classes> </test> -->

	<!-- To be executed locally <test name="AA-3601 (Automation Story of AA-2987 
		User Story)" preserve-order="true"> <classes> <class name="com.qait.QBA.tests.AA.AA_3601_Test"
		/> </classes> </test> -->

</suite>