<?xml version="1.0" encoding="UTF-8"?>
<suite name="SmokeTest" parallel="tests" thread-count="3">
	<parameter name="suiteType" value="QBA Smoke Checklist" />
	<parameter name="productID" value="30" />
	<parameter name="suiteID" value="1925" />

	<listeners>
		<listener class-name="com.qait.automation.report.CustomReport_Automation_New" />
	</listeners>


	<test name="Pre Made tag and question authoring"
		preserve-order="true">
		<classes>
			<class name="com.qait.QBA.smoke.PreMade_Tagging_And_Authoring_Status" />
		</classes>
	</test>

	<test name="Essay type question"
		preserve-order="true">
		<classes>
			<class name="com.qait.QBA.smoke.Smoke_Essay_Type_Question_Test" />
		</classes>
	</test>

	<test name="Fill in the blank type question"
		preserve-order="true">
		<classes>
			<class
				name="com.qait.QBA.smoke.Smoke_Fill_In_The_Blank" />
		</classes>
	</test>


	<test name="Matching type question"
		preserve-order="true">
		<classes>
			<class
				name="com.qait.QBA.smoke.Smoke_Matching_Type_Question_Test" />
		</classes>
	</test>


	<test name="Multiple Answer type Question"
		preserve-order="true">
		<classes>
			<class name="com.qait.QBA.smoke.Smoke_Multiple_Answer_Type_Question_Test" />
		</classes>
	</test>


	<test name="Multiple Choice Type Question"
		preserve-order="true">
		<classes>
			<class name="com.qait.QBA.smoke.Smoke_Multiple_Choice_Questions_Test" />
		</classes>
	</test>


	<test name="Basic QBA flow"
		preserve-order="true">
		<classes>
			<class name="com.qait.QBA.smoke.Smoke_QBA" />
		</classes>
	</test>


	<test name="Metadata config and tagging" preserve-order="true">
		<classes>
			<class name="com.qait.QBA.smoke.Smoke_Metadata_And_Tagging" />
		</classes>
	</test>


	<test name="Question Pool"
		preserve-order="true">
		<classes>
			<class name="com.qait.QBA.smoke.Smoke_Question_Pool" />
		</classes>
	</test>


	<test name="Sequenced type question"
		preserve-order="true">
		<classes>
			<class name="com.qait.QBA.smoke.Smoke_Sequenced_Type_Question_Tests" />
		</classes>
	</test>

</suite>