<?xml version="1.0" encoding="UTF-8"?>
<suite name="Blackboard Selenium Automated Tests" preserve-order="true"
	thread-count="1">
	<test name="Smoke Test - Instructor Remove All Deployed Assignments">
		<classes>
			<class
				name="com.qait.blackboard.tests.Smoke_Instructor_Remove_Deployed_Assignments" />
		</classes>
	</test>

	<test name="Smoke Test - Instructor Unlink Macmillan_Course">
		<classes>
			<class name="com.qait.blackboard.tests.Smoke_Unlink_Macmillan_Course" />
		</classes>
	</test>

	<test name="Smoke Test - Instructor Remove All Students">
		<classes>
			<class
				name="com.qait.blackboard.tests.Smoke_Instructor_Remove_All_Students" />
		</classes>
	</test>
</suite>
