<?xml version="1.0" encoding="UTF-8"?>
<suite name="Blackboard Selenium Automated Tests" preserve-order="true"
       thread-count="1">
    <listeners>
        <listener class-name="com.qait.automation.report.CustomReport_Automation_New" />
    </listeners>

    <test name="Sanity Instructor Flow">
        <classes>
            <class
                    name="com.qait.blackboard.tests.Sanity_BB_Instructor_Flow" />
        </classes>
    </test>

    <test name="Sanity Student Flow">
        <classes>
            <class name="com.qait.blackboard.tests.Sanity_BB_Student_Flow" />
        </classes>
    </test>

</suite>
