<?xml version="1.0" encoding="UTF-8"?>
<suite name="Blackboard Selenium Automated Tests" preserve-order="true"
	thread-count="1">
	<listeners>
		<listener class-name="com.qait.automation.report.CustomReport_Automation_New" />
	</listeners>

	<test name="Smoke Test - Instructor Remove All Deployed Assignments">
		<classes>
			<class
				name="com.qait.blackboard.tests.Smoke_Instructor_Remove_Deployed_Assignments" />
		</classes>
	</test>

	<test name="Smoke Test - Instructor Unlink Macmillan_Course">
		<classes>
			<class name="com.qait.blackboard.tests.Smoke_Unlink_Macmillan_Course" />
		</classes>
	</test>

	<test name="Smoke Test - Instructor Remove All Students">
		<classes>
			<class
				name="com.qait.blackboard.tests.Smoke_Instructor_Remove_All_Students" />
		</classes>
	</test>

	<test name="Smoke Test - Instructor Course Deploy">
		<classes>
			<class name="com.qait.blackboard.tests.Smoke_Instructor_Deploy_Content" />
		</classes>
	</test>

	<test name="Smoke Test - Instructor Enrolls Students">
		<classes>
			<class name="com.qait.blackboard.tests.Smoke_Instructor_Enrolls_Student" />
		</classes>
	</test>

	<test name="Smoke Test - Student Attempt Quiz via Purchase Access">
		<classes>
			<class name="com.qait.blackboard.tests.Smoke_Student_Purchase_Access" />
		</classes>
	</test>

  	<test name="Smoke Test - Student Attempt Quiz via Request Free Trial">
		<classes>
			<class name="com.qait.blackboard.tests.Smoke_Student_Request_Free_Trial" />
		</classes>
	</test>

	<test name="Smoke Test - Student Attempt Quiz via Access Code">
		<classes>
			<class name="com.qait.blackboard.tests.Smoke_Student_Enter_Access_Code" />
		</classes>
	</test> 

	<test name="Smoke Test - Instructor Verify Macmillan Content Market Tools">
		<classes>
			<class
				name="com.qait.blackboard.tests.Smoke_Instructor_Verify_Macmillan_Content_Market_Tools" />
		</classes>
	</test>
</suite>
