<?xml version="1.0" encoding="UTF-8"?>
<!DOCTYPE suite SYSTEM "http://testng.org/testng-1.0.dtd">
<suite verbose="0" name="IAM Test Suite" preserve-order="true"
	parallel="tests" thread-count="6">
	<parameter name="suiteType" value="IAM Regression Suite" />
	<parameter name="productID" value="25" />
	<parameter name="suiteID" value="1928" />
	<listeners>
		<listener class-name="com.qait.automation.report.CustomReport_Automation_New" />
	</listeners>
	<test name="LoginPageTest" preserve-order="true">
		<classes>
			<class name="com.qait.iam.tests.LoginPageTest" />
		</classes>
	</test>
	<test name="ForgotPasswordTest" preserve-order="true">
		<classes>
			<class name="com.qait.iam.tests.ForgotPasswordTest" />
		</classes>
	</test>
	<test name="NewStudentRegistrationTest" preserve-order="true">
		<classes>
			<class name="com.qait.iam.tests.NewStudentRegistrationTest" />
		</classes>
	</test>
</suite>
