<?xml version="1.0" encoding="UTF-8"?>
<suite name="DLAP API Selenium Automated Tests" parallel="tests"
	thread-count="1">

	<listeners>
		<listener class-name="com.qait.automation.report.CustomReport_Automation" />
	</listeners>
	<test name="GetEntityGradebookAPI" preserve-order="true">
		<classes>
			<class name="com.qait.dlapapi.tests.GetEntityGradebook3_Test" />
		</classes>
	</test>
	<test name="GetGradeAPI" preserve-order="true">
		<classes>
			<class name="com.qait.dlapapi.tests.GetGrade_Test" />
		</classes>
	</test>
	<test name="GetGradebookSummaryAPI" preserve-order="true">
		<classes>
			<class name="com.qait.dlapapi.tests.GetGradebookSummary_Test" />
		</classes>
	</test>
	<test name="GetGradebookWeightsAPI" preserve-order="true">
		<classes>
			<class name="com.qait.dlapapi.tests.GetGradebookWeights_Test" />
		</classes>
	</test>
</suite>