<?xml version="1.0" encoding="UTF-8"?>
<suite name="DLAP API Selenium Automated Tests" parallel="tests"
	thread-count="1">

	<listeners>
		<listener class-name="com.qait.automation.report.CustomReport_Automation" />
	</listeners>
	<test name="GetItemAPI" preserve-order="true">
		<classes>
			<class name="com.qait.dlapapi.tests.GetItem_Test" />
		</classes>
	</test>
	<test name="GetItemLinksAPI" preserve-order="true">
		<classes>
			<class name="com.qait.dlapapi.tests.GetItemLinks_Test" />
		</classes>
	</test>
	<test name="PutItems_DeleteItems_API" preserve-order="true">
		<classes>
			<class name="com.qait.dlapapi.tests.PutItems_DeleteItems_Test" />
		</classes>
	</test>
</suite>