<?xml version="1.0" encoding="UTF-8"?>
<suite name="DLAP API Selenium Automated Tests" parallel="tests"
	thread-count="1">

	<listeners>
		<listener class-name="com.qait.automation.report.CustomReport_Automation" />
	</listeners>
	<test name="ListUserEnrollmentsAPI" preserve-order="true">
		<classes>
			<class name="com.qait.dlapapi.tests.ListUserEnrollments_Test" />
		</classes>
	</test>
	<test name="ListEntityEnrollmentsAPI" preserve-order="true">
		<classes>
			<class name="com.qait.dlapapi.tests.ListEntityEnrollments_Test" />
		</classes>
	</test>

	<test name="GetTeacherResponseAPI" preserve-order="true">
		<classes>
			<class name="com.qait.dlapapi.tests.GetTeacherResponse_Test" />
		</classes>
	</test>
	<test name="GetEntityGradebookAPI" preserve-order="true">
		<classes>
			<class name="com.qait.dlapapi.tests.GetEntityGradebook3_Test" />
		</classes>
	</test>
	<test name="GetGradeAPI" preserve-order="true">
		<classes>
			<class name="com.qait.dlapapi.tests.GetGrade_Test" />
		</classes>
	</test>
	<test name="GetGradebookSummaryAPI" preserve-order="true">
		<classes>
			<class name="com.qait.dlapapi.tests.GetGradebookSummary_Test" />
		</classes>
	</test>
	<test name="GetGradebookWeightsAPI" preserve-order="true">
		<classes>
			<class name="com.qait.dlapapi.tests.GetGradebookWeights_Test" />
		</classes>
	</test>
	<test name="GetItemAPI" preserve-order="true">
		<classes>
			<class name="com.qait.dlapapi.tests.GetItem_Test" />
		</classes>
	</test>
	<test name="GetItemLinksAPI" preserve-order="true">
		<classes>
			<class name="com.qait.dlapapi.tests.GetItemLinks_Test" />
		</classes>
	</test>
	<test name="GetResourceListAPI" preserve-order="true">
		<classes>
			<class name="com.qait.dlapapi.tests.GetResourceList_Test" />
		</classes>
	</test>
	<test name="GetResourceAPI" preserve-order="true">
		<classes>
			<class name="com.qait.dlapapi.tests.GetResource_Test" />
		</classes>
	</test>
	<test name="GetScoDataAPI" preserve-order="true">
		<classes>
			<class name="com.qait.dlapapi.tests.GetScoData_Test" />
		</classes>
	</test>
	<test name="GetGroupListAPI" preserve-order="true">
		<classes>
			<class name="com.qait.dlapapi.tests.GetGroupList_Test" />
		</classes>
	</test>
	<test name="GetCourseAPI" preserve-order="true">
		<classes>
			<class name="com.qait.dlapapi.tests.GetCourse2_Test" />
		</classes>
	</test>
	<test name="GetEnrollmentAPI" preserve-order="true">
		<classes>
			<class name="com.qait.dlapapi.tests.GetEnrollment3_Test" />
		</classes>
	</test>
	<test name="GetUserAPI" preserve-order="true">
		<classes>
			<class name="com.qait.dlapapi.tests.GetUser2_Test" />
		</classes>
	</test>
	<test name="GetStudentSubmissionAPI" preserve-order="true">
		<classes>
			<class name="com.qait.dlapapi.tests.GetStudentSubmission_Test" />
		</classes>
	</test>
	<test name="GetStudentSubmissionInfoAPI" preserve-order="true">
		<classes>
			<class name="com.qait.dlapapi.tests.GetStudentSubmissionInfo_Test" />
		</classes>
	</test>
	<test name="GetSubmissionStateAPI" preserve-order="true">
		<classes>
			<class name="com.qait.dlapapi.tests.GetSubmissionState_Test" />
		</classes>
	</test>
	<test name="PutItems_DeleteItems_API" preserve-order="true">
		<classes>
			<class name="com.qait.dlapapi.tests.PutItems_DeleteItems_Test" />
		</classes>
	</test>
	<test name="Put_Get_Delete_ResourceAPI" preserve-order="true">
		<classes>
			<class name="com.qait.dlapapi.tests.Put_Get_Delete_Resource_Test" />
		</classes>
	</test>
	<test name="AddGroupMembersAPI" preserve-order="true">
		<classes>
			<class name="com.qait.dlapapi.tests.AddGroupMembers_Test" />
		</classes>
	</test>
	<test name="UpdateCoursesAPI" preserve-order="true">
		<classes>
			<class name="com.qait.dlapapi.tests.UpdateCourses_Test" />
		</classes>
	</test>
	<test name="DeleteEnrollments_API" preserve-order="true">
		<classes>
			<class name="com.qait.dlapapi.tests.DeleteEnrollments_Test" />
		</classes>
	</test>
	<test name="Put_Get_Delete_QuestionsAPI" preserve-order="true">
		<classes>
			<class name="com.qait.dlapapi.tests.Put_Get_Delete_Questions_Test" />
		</classes>
	</test>
	<test name="Put_Get_StudentSubmission_API" preserve-order="true">
		<classes>
			<class name="com.qait.dlapapi.tests.Put_Get_StudentSubmission_Test" />
		</classes>
	</test>
	<test name="Put_Get_TeacherResponse_API" preserve-order="true">
		<classes>
			<class name="com.qait.dlapapi.tests.Put_Get_TeacherResponse_Test" />
		</classes>
	</test>
	<test name="CopyCoursesAPI" preserve-order="true">
		<classes>
			<class name="com.qait.dlapapi.tests.CopyCourses_Test" />
		</classes>
	</test>
	<test name="CreateGroups_DeleteGroups_API" preserve-order="true">
		<classes>
			<class name="com.qait.dlapapi.tests.CreateGroups_DeleteGroups_Test" />
		</classes>
	</test>
	<test name="CreateUsers_DeleteUsers_API" preserve-order="true">
		<classes>
			<class name="com.qait.dlapapi.tests.CreateUsers_DeleteUsers_Test" />
		</classes>
	</test>
	<test name="ListDomainsAPI" preserve-order="true">
		<classes>
			<class name="com.qait.dlapapi.tests.ListDomains_Test" />
		</classes>
	</test>
	<test name="UpdateUsersAPI" preserve-order="true">
		<classes>
			<class name="com.qait.dlapapi.tests.UpdateUsers_Test" />
		</classes>
	</test>
	<test name="PutGetScoData_API" preserve-order="true">
		<classes>
			<class name="com.qait.dlapapi.tests.Put_Get_ScoData_Test" />
		</classes>
	</test>
	<test name="UpdateEnrollmentsAPI" preserve-order="true">
		<classes>
			<class name="com.qait.dlapapi.tests.UpdateEnrollments_Test" />
		</classes>
	</test>
	<test name="PutItemActivity_API" preserve-order="true">
		<classes>
			<class name="com.qait.dlapapi.tests.PutItemActivity_Test" />
		</classes>
	</test>
	<test name="CreateCourses_DeleteCourses_API" preserve-order="true">
		<classes>
			<class name="com.qait.dlapapi.tests.CreateCourses_DeleteCourses_Test" />
		</classes>
	</test>
</suite>

