<?xml version="1.0" encoding="UTF-8"?>
<suite name="DLAP API Selenium Automated Tests" parallel="tests"
	thread-count="1">

	<listeners>
		<listener class-name="com.qait.automation.report.CustomReport_Automation" />
	</listeners>
	<test name="CreateGroups_DeleteGroups_API" preserve-order="true">
		<classes>
			<class name="com.qait.dlapapi.tests.CreateGroups_DeleteGroups_Test" />
		</classes>
	</test>
	<test name="AddGroupMembersAPI" preserve-order="true">
		<classes>
			<class name="com.qait.dlapapi.tests.AddGroupMembers_Test" />
		</classes>
	</test>
	<test name="GetGroupListAPI" preserve-order="true">
		<classes>
			<class name="com.qait.dlapapi.tests.GetGroupList_Test" />
		</classes>
	</test>
</suite>