<?xml version="1.0" encoding="UTF-8"?>
<suite name="DLAP API Selenium Automated Tests" parallel="tests"
	thread-count="1">

	<listeners>
		<listener class-name="com.qait.automation.report.CustomReport_Automation" />
	</listeners>
	<test name="CreateCourses_DeleteCourses_API" preserve-order="true">
		<classes>
			<class name="com.qait.dlapapi.tests.CreateCourses_DeleteCourses_Test" />
		</classes>
	</test>
	<test name="CopyCoursesAPI" preserve-order="true">
		<classes>
			<class name="com.qait.dlapapi.tests.CopyCourses_Test" />
		</classes>
	</test>
	<test name="UpdateCoursesAPI" preserve-order="true">
		<classes>
			<class name="com.qait.dlapapi.tests.UpdateCourses_Test" />
		</classes>
	</test>
	<test name="GetCourseAPI" preserve-order="true">
		<classes>
			<class name="com.qait.dlapapi.tests.GetCourse2_Test" />
		</classes>
	</test>
</suite>