<?xml version="1.0" encoding="UTF-8"?>
<suite name="DLAP API Selenium Automated Tests" parallel="tests"
	thread-count="1">

	<listeners>
		<listener class-name="com.qait.automation.report.CustomReport_Automation" />
	</listeners>
	<test name="UpdateUsersAPI" preserve-order="true">
		<classes>
			<class name="com.qait.dlapapi.tests.UpdateUsers_Test" />
		</classes>
	</test>
	<test name="CreateUsers_DeleteUsers_API" preserve-order="true">
		<classes>
			<class name="com.qait.dlapapi.tests.CreateUsers_DeleteUsers_Test" />
		</classes>
	</test>
	<test name="GetUserAPI" preserve-order="true">
		<classes>
			<class name="com.qait.dlapapi.tests.GetUser2_Test" />
		</classes>
	</test>
</suite>