<?xml version="1.0" encoding="UTF-8"?>
<suite name="DLAP API Selenium Automated Tests" parallel="tests"
	thread-count="1">

	<listeners>
		<listener class-name="com.qait.automation.report.CustomReport_Automation" />
	</listeners>
	<test name="GetTeacherResponseAPI" preserve-order="true">
		<classes>
			<class name="com.qait.dlapapi.tests.GetTeacherResponse_Test" />
		</classes>
	</test>
	<test name="GetScoDataAPI" preserve-order="true">
		<classes>
			<class name="com.qait.dlapapi.tests.GetScoData_Test" />
		</classes>
	</test>
	<test name="GetStudentSubmissionAPI" preserve-order="true">
		<classes>
			<class name="com.qait.dlapapi.tests.GetStudentSubmission_Test" />
		</classes>
	</test>
	<test name="GetStudentSubmissionInfoAPI" preserve-order="true">
		<classes>
			<class name="com.qait.dlapapi.tests.GetStudentSubmissionInfo_Test" />
		</classes>
	</test>
</suite>