<?xml version="1.0" encoding="UTF-8"?>
<suite name="DLAP API Selenium Automated Tests" parallel="tests"
	thread-count="1">

	<listeners>
		<listener class-name="com.qait.automation.report.CustomReport_Automation" />
	</listeners>
	<test name="GetResourceListAPI" preserve-order="true">
		<classes>
			<class name="com.qait.dlapapi.tests.GetResourceList_Test" />
		</classes>
	</test>
	<test name="GetResourceAPI" preserve-order="true">
		<classes>
			<class name="com.qait.dlapapi.tests.GetResource_Test" />
		</classes>
	</test>
	<test name="Put_Get_Delete_ResourceAPI" preserve-order="true">
		<classes>
			<class name="com.qait.dlapapi.tests.Put_Get_Delete_Resource_Test" />
		</classes>
	</test>
</suite>