<?xml version="1.0" encoding="UTF-8"?>
<!DOCTYPE suite SYSTEM "http://testng.org/testng-1.0.dtd">
<suite verbose="0" name="Catalog_HighSchool_Login_Sanity_CheckList_Suite" preserve-order="true"
	parallel="tests" thread-count="9">
	<listeners>
		<listener class-name="com.qait.automation.report.CustomReport_Automation_New" />
	</listeners>
	<test name="Catalog_Login" preserve-order="true">
		<classes>
			<class
				name="com.qait.onboarding.functional.login.Catalog_Login" />
		</classes>
	</test>
	<test name="HighSchool_Login" preserve-order="true">
		<classes>
			<class name="com.qait.onboarding.functional.login.HighSchool_Login" />
		</classes>
	</test>
</suite>
