<?xml version="1.0" encoding="UTF-8"?>
<!DOCTYPE suite SYSTEM "http://testng.org/testng-1.0.dtd">
<suite verbose="0" name="Login_Sanity_CheckList_Suite" preserve-order="true"
	parallel="tests" thread-count="9">
	<parameter name="suiteType" value="Login Test Suite" />
	<parameter name="productID" value="30" />
	<parameter name="suiteID" value="2627" />
	
	<listeners>
		<listener class-name="com.qait.automation.report.CustomReport_Automation_New" />
	</listeners>
	<test name="Launchpad_Existing_User_Login" preserve-order="true">
		<classes>
			<class
				name="com.qait.onboarding.functional.login.Launchpad_Existing_User_Login" />
		</classes>
	</test>
	<test name="Launchpad_New_Instructor_Login" preserve-order="true">
		<classes>
			<class name="com.qait.onboarding.functional.login.Launchpad_New_Instructor_Login" />
		</classes>
	</test>
	<test name="Launchpad_StudentLoginNewUser_Test" preserve-order="true">
		<classes>
			<class name="com.qait.onboarding.functional.login.Launchpad_StudentLoginNewUser_Test" />
		</classes>
	</test>
	<test name="LaunchpadSolo_Existing_User_Login" preserve-order="true">
		<classes>
			<class
				name="com.qait.onboarding.functional.login.LaunchpadSolo_Existing_User_Login" />
		</classes>
	</test>
	<test name="LaunchpadSolo_New_Instructor_Login" preserve-order="true">
		<classes>
			<class name="com.qait.onboarding.functional.login.LaunchpadSolo_New_Instructor_Login" />
		</classes>
	</test>
	<test name="Launchpadsolo_StudentLoginNewUser_Test"
		preserve-order="true">
		<classes>
			<class
				name="com.qait.onboarding.functional.login.Launchpadsolo_StudentLoginNewUser_Test" />
		</classes>
	</test>
	<test name="LearningCurve_Existing_User_Login"
		preserve-order="true">
		<classes>
			<class
				name="com.qait.onboarding.functional.login.LearningCurve_Existing_User_Login" />
		</classes>
	</test>
	<test name="LearningCurve_StudentLoginNewUser_Test" preserve-order="true">
		<classes>
			<class
				name="com.qait.onboarding.functional.login.LearningCurve_StudentLoginNewUser_Test" />
		</classes>
	</test>
	<test name="QBA_Existing_User_Login" preserve-order="true">
		<classes>
			<class name="com.qait.onboarding.functional.login.QBA_Existing_User_Login" />
		</classes>
	</test>
	<test name="Xbook_Existing_User_Login" preserve-order="true">
		<classes>
			<class
				name="com.qait.onboarding.functional.login.Xbook_Existing_User_Login" />
		</classes>
	</test>
	<test name="Xbook_New_Instructor_Login" preserve-order="true">
		<classes>
			<class
				name="com.qait.onboarding.functional.login.Xbook_New_Instructor_Login" />
		</classes>
	</test>
	<test name="Xbook_StudentLoginNewUser_Test" preserve-order="true">
		<classes>
			<class name="com.qait.onboarding.functional.login.Xbook_StudentLoginNewUser_Test" />
		</classes>
	</test>
	<test name="Catalog_LoginLogout_Test" preserve-order="true">
		<classes>
			<class
					name="com.qait.catalog.tests.LoginLogout_Test" />
		</classes>
	</test>
	<test name="HighSchool_LoginLogout_Test" preserve-order="true">
		<classes>
			<class name="com.qait.highschool.tests.LoginLogout_Test" />
		</classes>
	</test>
	<test name="Moodle_Existing_Login" preserve-order="true">
		<classes>
			<class name="com.qait.onboarding.functional.login.Moodle_Existing_Login" />
		</classes>
	</test>
	<test name="Canvas_Existing_Login" preserve-order="true">
		<classes>
			<class name="com.qait.onboarding.functional.login.Canvas_Existing_Login" />
		</classes>
	</test>
	<test name="Blackboard_Existing_Login" preserve-order="true">
		<classes>
			<class name="com.qait.onboarding.functional.login.Blackboard_Existing_Login" />
		</classes>
	</test>
	<test name="D2L_Existing_Login" preserve-order="true">
		<classes>
			<class name="com.qait.onboarding.functional.login.D2L_Existing_Login" />
		</classes>
	</test>
</suite>
