<?xml version="1.0" encoding="UTF-8"?>
<!DOCTYPE suite SYSTEM "http://testng.org/testng-1.0.dtd">
<suite verbose="0" name="LP_661" preserve-order="true">

	<listeners>
		<listener class-name="com.qait.automation.report.CustomReport_Automation_New" />
	</listeners>

	<test name="StudentRegistrationAccessCode" preserve-order="true">
		<classes>
			<class
				name="com.qait.onboarding.functional.tests.LP_661_AccessCode_Test" />
		</classes>
	</test>
	<test name="StudentRegistrationPayLater" preserve-order="true">
		<classes>
			<class
				name="com.qait.onboarding.functional.tests.LP_661_PayLater_Test" />
		</classes>
	</test>
		<test name="StudentRegistrationPurchaseAccessCreditCard" preserve-order="true">
		<classes>
			<class
				name="com.qait.onboarding.functional.tests.LP_661_PurchaseAccess_Test" />
		</classes>
	</test>
	

</suite>
	