<?xml version="1.0" encoding="UTF-8"?>
<!DOCTYPE suite SYSTEM "http://testng.org/testng-1.0.dtd">
<suite verbose="0" name="SSL Test Suite" preserve-order="false"
	parallel="tests" thread-count="5">
	<parameter name="book" value="myers" />
	<listeners>
		<listener class-name="com.qait.automation.report.CustomReport_Test" />
	</listeners>
	<test name="Book_Header_Footer_Test" preserve-order="true">
		<classes>
			<class name="com.qait.onboarding.functional.tests.Book_Header_Footer_Test" />
		</classes>
	</test>
	<test name="Login_Negative_Scenarios_Test" preserve-order="true">
		<classes>
			<class
				name="com.qait.onboarding.functional.tests.Login_Negative_Scenarios_Test" />
		</classes>
	</test>
	<test name="Bug_PVS_133_Test" preserve-order="true">
		<classes>
			<class name="com.qait.onboarding.functional.tests.Bug_PVS_133_Test" />
		</classes>
	</test>
	<test name="Bug_PVS_134_Test" preserve-order="true">
		<classes>
			<class name="com.qait.onboarding.functional.tests.Bug_PVS_134_Test" />
		</classes>
	</test>
	<test name="Existing_Student_Course_Url_Test" preserve-order="true">
		<classes>
			<class
				name="com.qait.onboarding.functional.tests.Existing_Student_Course_Url_Test" />
		</classes>
	</test>

</suite>