<?xml version="1.0" encoding="UTF-8"?>
<!DOCTYPE suite SYSTEM "http://testng.org/testng-1.0.dtd">
<suite verbose="0" name="On-Boarding Test Suite" preserve-order="true"
	parallel="tests" thread-count="9">
	<parameter name="book" value="myers11e" />
	<parameter name="suiteType" value="Onboarding Regression Test Suite" />
	<parameter name="productID" value="30" />
	<parameter name="suiteID" value="1933" />
	<listeners>
		<listener class-name="com.qait.automation.report.CustomReport_Automation_New" />
	</listeners>
	<test name="BlankFieldsVerificationTest" preserve-order="true">
		<classes>
			<class
				name="com.qait.onboarding.functional.tests.BlankFieldsVerificationTest" />
		</classes>
	</test>
	<test name="EulaPageTest" preserve-order="true">
		<classes>
			<class name="com.qait.onboarding.functional.tests.EulaPageTest" />
		</classes>
	</test>
	<test name="FindATitleTest" preserve-order="true">
		<classes>
			<class name="com.qait.onboarding.functional.tests.FindATitleTest" />
		</classes>
	</test>
	<test name="ForgotPasswordHomeButton_EdgeCaseTest" preserve-order="true">
		<classes>
			<class
				name="com.qait.onboarding.functional.tests.ForgotPasswordHomeButton_EdgeCaseTest" />
		</classes>
	</test>
	<test name="FooterLinkTest" preserve-order="true">
		<classes>
			<class name="com.qait.onboarding.functional.tests.FooterLinkTest" />
		</classes>
	</test>
	<test name="IncorrectPasswordValidationMessageEdgeCaseTest"
		preserve-order="true">
		<classes>
			<class
				name="com.qait.onboarding.functional.tests.IncorrectPasswordValidationMessage_EdgeCase_Test" />
		</classes>
	</test>
	<test name="InstructorFindTitleAndRegistrationTest"
		preserve-order="true">
		<classes>
			<class
				name="com.qait.onboarding.functional.tests.InstructorFindTitleAndRegistrationTest" />
		</classes>
	</test>
	<test name="InstructorLessCourseTest" preserve-order="true">
		<classes>
			<class
				name="com.qait.onboarding.functional.tests.InstructorLessCourseTest" />
		</classes>
	</test>
	<test name="InstructorLoginTest" preserve-order="true">
		<classes>
			<class name="com.qait.onboarding.functional.tests.InstructorLoginTest" />
		</classes>
	</test>
	<test name="LoginPageBlankFieldsVerificationTest" preserve-order="true">
		<classes>
			<class
				name="com.qait.onboarding.functional.tests.LoginPageBlankFieldsVerificationTest" />
		</classes>
	</test>
	<test name="LoginPage_Warnings_EdgeCase_Test" preserve-order="true">
		<classes>
			<class
				name="com.qait.onboarding.functional.tests.LoginPage_Warnings_EdgeCase_Test" />
		</classes>
	</test>
	<test name="ManageProfileTest" preserve-order="true">
		<classes>
			<class name="com.qait.onboarding.functional.tests.ManageProfileTest" />
		</classes>
	</test>
	<test name="PurchaseAccessCreditCardTest" preserve-order="true">
		<classes>
			<class
				name="com.qait.onboarding.functional.tests.PurchaseAccessCreditCardTest" />
		</classes>
	</test>
	<test name="PayLaterExpMessageCountdownTest" preserve-order="true">
		<classes>
			<class
				name="com.qait.onboarding.functional.tests.PayLaterExpMessageCountdownTest" />
		</classes>
	</test>
	<test name="PurchaseAccessPayPalTest" preserve-order="true">
		<classes>
			<class
				name="com.qait.onboarding.functional.tests.PurchaseAccessPayPalTest" />
		</classes>
	</test>
	<test name="PayLaterPurchaseAccessTest" preserve-order="true">
		<classes>
			<class
				name="com.qait.onboarding.functional.tests.PayLaterPurchaseAccessTest" />
		</classes>
	</test>
	<test name="PayLaterEnterAccessCodeTest" preserve-order="true">
		<classes>
			<class
				name="com.qait.onboarding.functional.tests.PayLaterEnterAccessCodeTest" />
		</classes>
	</test>
	<test name="ProductSpecificSignInTest" preserve-order="true">
		<classes>
			<class
				name="com.qait.onboarding.functional.tests.ProductSpecificSignInTest" />
		</classes>
	</test>
	<test name="ShoppingRegisterTest" preserve-order="true">
		<classes>
			<class name="com.qait.onboarding.functional.tests.ShoppingRegisterTest" />
		</classes>
	</test>
	<test name="StudentAccessCodeWithSpaceEdgeCaseTest"
		preserve-order="true">
		<classes>
			<class
				name="com.qait.onboarding.functional.tests.StudentAccessCodeWithSpace_EdgeCase_Test" />
		</classes>
	</test>
	<test name="StudentClickHereLinkEdgeCaseTest" preserve-order="true">
		<classes>
			<class
				name="com.qait.onboarding.functional.tests.StudentClickHereLink_EdgeCase_Test" />
		</classes>
	</test>
	<test name="StudentLoginTest" preserve-order="true">
		<classes>
			<class name="com.qait.onboarding.functional.tests.StudentLoginTest" />
		</classes>
	</test>
	<test name="StudentRegistrationAccessCodeTest" preserve-order="true">
		<classes>
			<class
				name="com.qait.onboarding.functional.tests.StudentRegistrationAccessCodeTest" />
		</classes>
	</test>
	<test name="StudentRegistrationPayLaterTest" preserve-order="true">
		<classes>
			<class
				name="com.qait.onboarding.functional.tests.StudentRegistrationPayLaterTest" />
		</classes>
	</test>
		<test name="Tax_Collection_Test" preserve-order="true">
		<classes>
			<class
				name="com.qait.onboarding.functional.tests.Tax_Collection_Test" />
		</classes>
	</test>
</suite>
