<?xml version="1.0" encoding="UTF-8"?>
<!DOCTYPE suite SYSTEM "http://testng.org/testng-1.0.dtd">
<suite verbose="0" name="On-Boarding Pre Test Suite" preserve-order="true"
	parallel="tests" thread-count="9">
	<parameter name="book" value="myers11e" />
	<parameter name="suiteType" value="Onboarding Sanity Test Suite Existing Data" />
	<parameter name="productID" value="30" />
	<parameter name="suiteID" value="2626" />
		<listeners>
		<listener class-name="com.qait.automation.report.CustomReport_Automation_New" />
	</listeners>
	<test name="EulaPageTest" preserve-order="true">
		<classes>
			<class name="com.qait.onboarding.functional.tests.EulaPageTest" />
		</classes>
	</test>
	<test name="FindATitleTest" preserve-order="true">
		<classes>
			<class name="com.qait.onboarding.functional.tests.FindATitleTest" />
		</classes>
	</test>
	<test name="ForgotPasswordHomeButton_EdgeCaseTest" preserve-order="true">
		<classes>
			<class
				name="com.qait.onboarding.functional.tests.ForgotPasswordHomeButton_EdgeCaseTest" />
		</classes>
	</test>
	<test name="FooterLinkTest" preserve-order="true">
		<classes>
			<class name="com.qait.onboarding.functional.tests.FooterLinkTest" />
		</classes>
	</test>
	<test name="InstructorLessCourseTest" preserve-order="true">
		<classes>
			<class
				name="com.qait.onboarding.functional.tests.InstructorLessCourseTest" />
		</classes>
	</test>
	<test name="InstructorLoginTest" preserve-order="true">
		<classes>
			<class name="com.qait.onboarding.functional.tests.InstructorLoginTest" />
		</classes>
	</test>
	<test name="LoginPageBlankFieldsVerificationTest" preserve-order="true">
		<classes>
			<class
				name="com.qait.onboarding.functional.tests.LoginPageBlankFieldsVerificationTest" />
		</classes>
	</test>
		<test name="InstructorRegistration_Prod_Test" preserve-order="true">
		<classes>
			<class
				name="com.qait.onboarding.functional.tests.InstructorRegistration_Prod_Test" />
		</classes>
	</test>
		<test name="StudentRegistration_Prod_Test" preserve-order="true">
		<classes>
			<class
				name="com.qait.onboarding.functional.tests.StudentRegistration_Prod_Test" />
		</classes>
	</test>
	
</suite>
	