<?xml version="1.0" encoding="UTF-8"?>
<!DOCTYPE suite SYSTEM "http://testng.org/testng-1.0.dtd">
<suite verbose="0" name="StudentStoreSmoke Suite" preserve-order="true"
	parallel="tests" thread-count="3">
	<parameter name="suiteType" value="Student Store Smoke Suite" />
	<parameter name="productID" value="31" />
	<parameter name="suiteID" value="2124" />
	<listeners>
		<listener class-name="com.qait.automation.report.CustomReport_Automation_New" />
	</listeners>
	  <test name="Student Store Smoke Home And Search Test" preserve-order="true">
		<classes>
			<class name="com.qait.StudentStore.tests.Smoke_SS_Home_And_Search_Test" />
		</classes>
	</test>

 	 <test name="Student Store Smoke Shoping Cart And Product Detail Test" preserve-order="true">
		<classes>
			<class name="com.qait.StudentStore.tests.Smoke_SS_Shoping_Cart_And_Product_Detail_Test" />
		</classes>
	</test> 

 	  <test name="Student Store Smoke Checkout Page Test" preserve-order="true">
		<classes>
			<class name="com.qait.StudentStore.tests.Smoke_SS_Checkout_Page_Test" />
		</classes> 

	</test>    
	
</suite>
