<?xml version="1.0" encoding="UTF-8"?>
<!DOCTYPE suite SYSTEM "http://testng.org/testng-1.0.dtd">
<suite verbose="0" name="Student Store regression suite" preserve-order="true"
	parallel="tests" thread-count="3">
	<parameter name="suiteType" value="Student Store Regression Suite" />
	<parameter name="productID" value="31" />
	<parameter name="suiteID" value="6732" />
	<listeners>
		<listener class-name="com.qait.automation.report.CustomReport_Automation_New" />
	</listeners>
	<test name="Student_Store_Browse_And_Search_Page" preserve-order="true">
		<classes>
			<class name="com.qait.StudentStore.tests.BrowseAndSearchTest" />
		</classes>	
		</test>
		<test name="Student_Store_Browse_And_Search_Page1" preserve-order="true">
		<classes>
			<class name="com.qait.StudentStore.tests.Browse_And_Search_Test1" />
		</classes>
	</test> 
		<test name="Student_Store_Browse_And_Search_Page2" preserve-order="true">
		<classes>
			<class name="com.qait.StudentStore.tests.Browse_And_Search_Test2" />
		</classes>
	</test>
</suite>
