<?xml version="1.0" encoding="UTF-8"?>
<!DOCTYPE suite SYSTEM "http://testng.org/testng-1.0.dtd">
<suite verbose="0" name="Student Store UI UX Regression Suite" preserve-order="true"
	parallel="tests" thread-count="1">
	<parameter name="suiteType" value="Student Store UI UX Regression Suite" />
	<parameter name="productID" value="31" />
	<parameter name="suiteID" value="1960" />
	<listeners>
		<listener class-name="com.qait.automation.report.CustomReport_Automation_New" />
	</listeners>
	<test name="Student_Store_UI_UX" preserve-order="true">
		<classes>
			<class name="com.qait.StudentStore.tests.SS_UI_UX_Test" />
		</classes>	
		</test>
	</suite>	