<?xml version="1.0" encoding="UTF-8"?>
<suite name="LP Components Endpoints Status Check" parallel="tests"
	thread-count="1">

	<test name="Dlap_Status_Endpoint_Check" preserve-order="true">
		<classes>
			<class name="com.qait.LPComponents.endpointCheck.Dlap_Status_Endpoint_Check" />
		</classes>
	</test>
	<test name="BrainHoney_Status_Endpoint_Check" preserve-order="true">
		<classes>
			<class name="com.qait.LPComponents.endpointCheck.BrainHoney_Status_Endpoint_Check" />
		</classes>
	</test>
	<test name="CoreServices_Status_Endpoint_Check" preserve-order="true">
		<classes>
			<class name="com.qait.LPComponents.endpointCheck.CoreServices_Status_Endpoint_Check" />
		</classes>
	</test>
	<test name="CourseServices_Status_Endpoint_Check" preserve-order="true">
		<classes>
			<class name="com.qait.LPComponents.endpointCheck.CourseServices_Status_Endpoint_Check" />
		</classes>
	</test>
	<test name="DlapTM_Status_Endpoint_Check" preserve-order="true">
		<classes>
			<class name="com.qait.LPComponents.endpointCheck.DlapTM_Status_Endpoint_Check" />
		</classes>
	</test>
	<test name="EnrollmentServices_Status_Endpoint_Check" preserve-order="true">
		<classes>
			<class name="com.qait.LPComponents.endpointCheck.EnrollmentServices_Status_Endpoint_Check" />
		</classes>
	</test>
	<test name="EntitlementServices_Status_Endpoint_Check" preserve-order="true">
		<classes>
			<class name="com.qait.LPComponents.endpointCheck.EntitlementServices_Status_Endpoint_Check" />
		</classes>
	</test>
	<test name="HTS_Status_Endpoint_Check" preserve-order="true">
		<classes>
			<class name="com.qait.LPComponents.endpointCheck.HTS_Status_Endpoint_Check" />
		</classes>
	</test>
	<test name="InstitutionServices_Status_Endpoint_Check" preserve-order="true">
		<classes>
			<class name="com.qait.LPComponents.endpointCheck.InstitutionServices_Status_Endpoint_Check" />
		</classes>
	</test>
	<test name="InstructorServices_Status_Endpoint_Check" preserve-order="true">
		<classes>
			<class name="com.qait.LPComponents.endpointCheck.InstructorServices_Status_Endpoint_Check" />
		</classes>
	</test>
	<test name="iSample_Status_Endpoint_Check" preserve-order="true">
		<classes>
			<class name="com.qait.LPComponents.endpointCheck.iSample_Status_Endpoint_Check" />
		</classes>
	</test>
	<test name="Mars_Status_Endpoint_Check" preserve-order="true">
		<classes>
			<class name="com.qait.LPComponents.endpointCheck.Mars_Status_Endpoint_Check" />
		</classes>
	</test>
	<test name="PlatformX_Status_Endpoint_Check" preserve-order="true">
		<classes>
			<class name="com.qait.LPComponents.endpointCheck.PlatformX_Status_Endpoint_Check" />
		</classes>
	</test>
	<test name="PxEG_Status_Endpoint_Check" preserve-order="true">
		<classes>
			<class name="com.qait.LPComponents.endpointCheck.PxEG_Status_Endpoint_Check" />
		</classes>
	</test>
	<test name="PXWebAPI_Status_Endpoint_Check" preserve-order="true">
		<classes>
			<class name="com.qait.LPComponents.endpointCheck.PXWebAPI_Status_Endpoint_Check" />
		</classes>
	</test>
	<test name="QBA_Status_Endpoint_Check" preserve-order="true">
		<classes>
			<class name="com.qait.LPComponents.endpointCheck.QBA_Status_Endpoint_Check" />
		</classes>
	</test>
	<test name="TechTool_Status_Endpoint_Check" preserve-order="true">
		<classes>
			<class name="com.qait.LPComponents.endpointCheck.TechTool_Status_Endpoint_Check" />
		</classes>
	</test>
	<test name="TitleServices_Status_Endpoint_Check" preserve-order="true">
		<classes>
			<class name="com.qait.LPComponents.endpointCheck.TitleServices_Status_Endpoint_Check" />
		</classes>
	</test>
	<test name="TOCAPI_Status_Endpoint_Check" preserve-order="true">
		<classes>
			<class name="com.qait.LPComponents.endpointCheck.TOCAPI_Status_Endpoint_Check" />
		</classes>
	</test>
	<test name="UserServices_Status_Endpoint_Check" preserve-order="true">
		<classes>
			<class name="com.qait.LPComponents.endpointCheck.UserServices_Status_Endpoint_Check" />
		</classes>
	</test>
	<test name="VideoTools_Status_Endpoint_Check" preserve-order="true">
		<classes>
			<class name="com.qait.LPComponents.endpointCheck.VideoTools_Status_Endpoint_Check" />
		</classes>
	</test>
	<test name="CartUI_Status_Endpoint_Check" preserve-order="true">
		<classes>
			<class name="com.qait.LPComponents.endpointCheck.CartUI_Status_Endpoint_Check" />
		</classes>
	</test>
	<test name="CartServices_Status_Endpoint_Check" preserve-order="true">
		<classes>
			<class name="com.qait.LPComponents.endpointCheck.CartServices_Status_Endpoint_Check" />
		</classes>
	</test>
	<test name="GradeSync_Status_Endpoint_Check" preserve-order="true">
		<classes>
			<class name="com.qait.LPComponents.endpointCheck.GradeSync_Status_Endpoint_Check" />
		</classes>
	</test>
	
	<test name="LMS_Status_Endpoint_Check" preserve-order="true">
		<classes>
			<class name="com.qait.LPComponents.endpointCheck.LMS_Status_Endpoint_Check" />
		</classes>
	</test>
	
	<test name="ActivityTracker_Status_Endpoint_Check" preserve-order="true">
		<classes>
			<class name="com.qait.LPComponents.endpointCheck.ActivityTracker_Status_Endpoint_Check" />
		</classes>
	</test>
	
	<test name="OnBoarding_Status_Endpoint_Check" preserve-order="true">
		<classes>
			<class name="com.qait.LPComponents.endpointCheck.OnBoarding_Status_Endpoint_Check" />
		</classes>
	</test>
	
	
</suite>