<?xml version="1.0" encoding="UTF-8"?>
<!DOCTYPE suite SYSTEM "http://testng.org/testng-1.0.dtd">

<suite verbose="0" name="TechToolTestSuite" parallel="tests"
	thread-count="1">

	<listeners>
		<listener class-name="com.qait.automation.report.CustomReport_Automation" />
	</listeners>

	<test name="Test01_Sprint_23" preserve-order="true">
		<classes>
			<class name="com.qait.techtool.tests.Sprint_23_Test"></class>
		</classes>
	</test>

	<test name="Test02_Sprint_24" preserve-order="true">
		<classes>
			<class name="com.qait.techtool.tests.Sprint_24_Test"></class>
		</classes>
	</test>

	<test name="Test03_Sprint_25" preserve-order="true">
		<classes>
			<class name="com.qait.techtool.tests.Sprint_25_Test"></class>
		</classes>
	</test>

	<test name="Test04_Sprint_26" preserve-order="true">
		<classes>
			<class name="com.qait.techtool.tests.Sprint_26_Test"></class>
		</classes>
	</test>

	<test name="Test05_Sprint_27" preserve-order="true">
		<classes>
			<class name="com.qait.techtool.tests.Sprint_27_Test"></class>
		</classes>
	</test>

	<test name="Test06_Sprint_28" preserve-order="true">
		<classes>
			<class name="com.qait.techtool.tests.Sprint_28_Test"></class>
		</classes>
	</test>

	<test name="Test07_Sprint_29" preserve-order="true">
		<classes>
			<class name="com.qait.techtool.tests.Sprint_29_Test"></class>
		</classes>
	</test>

	<test name="Test08_Sprint_30_Launchpad_Test" preserve-order="true">
		<classes>
			<class name="com.qait.techtool.tests.Sprint_30_Launchpad_Test"></class>
		</classes>
	</test>

	<test name="Test09_Sprint_30_LearningCurve_Test" preserve-order="true">
		<classes>
			<class name="com.qait.techtool.tests.Sprint_30_LearningCurve_Test"></class>
		</classes>
	</test>

	<test name="Test10_Sprint_30_XBOOK_Test" preserve-order="true">
		<classes>
			<class name="com.qait.techtool.tests.Sprint_30_XBOOK_Test"></class>
		</classes>
	</test>

	<test name="Test11_Sprint_31" preserve-order="true">
		<classes>
			<class name="com.qait.techtool.tests.Sprint_31_Test"></class>
		</classes>
	</test>

	<test name="Test12_Sprint_32" preserve-order="true">
		<classes>
			<class name="com.qait.techtool.tests.Sprint_32_test"></class>
		</classes>
	</test>

	<test name="Test13_Sprint_33" preserve-order="true">
		<classes>
			<class name="com.qait.techtool.tests.Sprint_33_Test"></class>
		</classes>
	</test>

	<test name="Test14_Sprint_34" preserve-order="true">
		<classes>
			<class name="com.qait.techtool.tests.Sprint_34_Test"></class>
		</classes>
	</test>

	<test name="Test15_Sprint_35" preserve-order="true">
		<classes>
			<class name="com.qait.techtool.tests.Sprint_35_Test"></class>
		</classes>
	</test>

	<test name="Test16_Sprint_36" preserve-order="true">
		<classes>
			<class name="com.qait.techtool.tests.Sprint_36_Test"></class>
		</classes>
	</test>
</suite>