<?xml version="1.0" encoding="UTF-8"?>
<!DOCTYPE suite SYSTEM "http://testng.org/testng-1.0.dtd">

<suite verbose="0" name="CatalogTestSuite" parallel="tests"
	thread-count="2">

	<listeners>
		<listener class-name="com.qait.automation.report.CustomReport_Automation_New" />
	</listeners>

	<test name="LoginLogout_Test" preserve-order="true">
		<classes>
			<class name="com.qait.catalog.tests.LoginLogout_Test"></class>
		</classes>
	</test>

	<test name="Search_Test" preserve-order="true">
		<classes>
			<class name="com.qait.catalog.tests.Search_Test"></class>
		</classes>
	</test>

	<test name="FindYourRep_Test" preserve-order="true">
		<classes>
			<class name="com.qait.catalog.tests.FindYourRep_Test"></class>
		</classes>
	</test>

	<test name="DownloadAuthorVedio_Test" preserve-order="true">
		<classes>
			<class name="com.qait.catalog.tests.DownloadAuthorVideo_Test"></class>
		</classes>
	</test>

	<test name="OurStoryNavigationLink_Test" preserve-order="true">
		<classes>
			<class name="com.qait.catalog.tests.OurStoryNavigationLink_Test"></class>
		</classes>
	</test>

	<test name="CoursesNavigationLink_Test" preserve-order="true">
		<classes>
			<class name="com.qait.catalog.tests.CoursesNavigationLink_Test"></class>
		</classes>
	</test>

	<test name="DigitalNavigationLink_Test" preserve-order="true">
		<classes>
			<class name="com.qait.catalog.tests.DigitalNavigationLink_Test"></class>
		</classes>
	</test>

	<test name="SolutionsNavigationLink_Test" preserve-order="true">
		<classes>
			<class name="com.qait.catalog.tests.SolutionsNavigationLink_Test"></class>
		</classes>
	</test>

	<test name="GetHelpNavigationLink_Test" preserve-order="true">
		<classes>
			<class name="com.qait.catalog.tests.GetHelpNavigationLink_Test"></class>
		</classes>
	</test>

</suite>