<?xml version="1.0" encoding="UTF-8"?>
<!DOCTYPE suite SYSTEM "http://testng.org/testng-1.0.dtd">

<suite verbose="0" name="Sanity_CatalogTestSuite" parallel="tests"
	thread-count="2">

	<listeners>
		<listener class-name="com.qait.automation.report.CustomReport_Automation_New" />
	</listeners>

	<test name="LoginLogout_Test" preserve-order="true">
		<classes>
			<class name="com.qait.catalog.tests.Sanity_LoginLogout_Test"></class>
		</classes>
	</test>

	<test name="Search_Test" preserve-order="true">
		<classes>
			<class name="com.qait.catalog.tests.Sanity_Search_Test"></class>
		</classes>
	</test>

	<test name="FindYourRep_Test" preserve-order="true">
		<classes>
			<class name="com.qait.catalog.tests.Sanity_FindYourRep_Test"></class>
		</classes>
	</test>

</suite>